,Año,Trimestre,Provincia,Accesos telefonía fija por cada 100 hab,Accesos telefonía fija por cada 100 hogares,Accesos telefonía fija por cada 100 hab trimestre anterior + 2%,Diferencia habitantes,Porcentaje de diferencia habitantes,Accesos telefonía fija por cada 100 hogares trimestre anterior + 2%,Diferencia hogares,Porcentaje de diferencia hogares
0,2014,1,Buenos Aires,"26,72","85,26","27,14","0,42","1,57","86,43","1,17","4,38"
1,2014,1,Capital Federal,"52,66","128,57","53,61","0,95","1,8","130,23","1,66","3,15"
2,2014,1,Catamarca,"10,03","39,45","10,22","0,19","1,89","40,17","0,72","7,18"
3,2014,1,Chaco,"9,09","34,02","9,24","0,15","1,65","34,57","0,55","6,05"
4,2014,1,Chubut,"17,66","57,59","17,92","0,26","1,47","58,46","0,87","4,93"
5,2014,1,Córdoba,"21,09","68,88","21,33","0,24","1,14","69,65","0,77","3,65"
6,2014,1,Corrientes,"9,71","36,88","9,88","0,17","1,75","37,54","0,66","6,8"
7,2014,1,Entre Ríos,"17,14","57,33","17,46","0,32","1,87","58,4","1,07","6,24"
8,2014,1,Formosa,"7,38","28,98","7,52","0,14","1,9","29,53","0,55","7,45"
9,2014,1,Jujuy,"7,81","30,56","7,98","0,17","2,18","31,2","0,64","8,19"
10,2014,1,La Pampa,"21,26","64,52","21,88","0,62","2,92","66,39","1,87","8,8"
11,2014,1,La Rioja,"10,98","41,24","11,12","0,14","1,28","41,76","0,52","4,74"
12,2014,1,Mendoza,"17,26","61,84","17,54","0,28","1,62","62,87","1,03","5,97"
13,2014,1,Misiones,"9,49","34,85","9,64","0,15","1,58","35,39","0,54","5,69"
14,2014,1,Neuquén,"15,27","51,29","15,52","0,25","1,64","52,14","0,85","5,57"
15,2014,1,Río Negro,"17,69","57,51","17,97","0,28","1,58","58,43","0,92","5,2"
16,2014,1,Salta,"10,76","44,44","10,96","0,2","1,86","45,26","0,82","7,62"
17,2014,1,San Juan,"12,71","49,89","12,92","0,21","1,65","50,72","0,83","6,53"
18,2014,1,San Luis,"10,92","38,17","11,11","0,19","1,74","38,79","0,62","5,68"
19,2014,1,Santa Cruz,"13,17","44,25","13,37","0,2","1,52","44,92","0,67","5,09"
20,2014,1,Santa Fe,"22,93","72,91","23,26","0,33","1,44","73,96","1,05","4,58"
21,2014,1,Santiago del Estero,"7,73","31,15","7,85","0,12","1,55","31,64","0,49","6,34"
22,2014,1,Tierra del Fuego,"22,23","74,98","22,52","0,29","1,3","75,93","0,95","4,27"
23,2014,1,Tucumán,"13,47","54,39","13,76","0,29","2,15","55,56","1,17","8,69"
24,2014,2,Buenos Aires,"26,61","84,74","27,22","0,61","2,29","86,55","1,81","6,8"
25,2014,2,Capital Federal,"52,56","127,68","53,74","1,18","2,25","129,9","2,22","4,22"
26,2014,2,Catamarca,"10,02","39,38","10,22","0,2","2,0","40,18","0,8","7,98"
27,2014,2,Chaco,"9,06","33,89","9,54","0,48","5,3","35,67","1,78","19,65"
28,2014,2,Chubut,"17,57","57,31","17,92","0,35","1,99","58,47","1,16","6,6"
29,2014,2,Córdoba,"20,91","68,28","21,15","0,24","1,15","69,08","0,8","3,83"
30,2014,2,Corrientes,"9,69","36,8","10,14","0,45","4,64","38,49","1,69","17,44"
31,2014,2,Entre Ríos,"17,12","57,25","17,94","0,82","4,79","60,02","2,77","16,18"
32,2014,2,Formosa,"7,37","28,95","7,51","0,14","1,9","29,5","0,55","7,46"
33,2014,2,Jujuy,"7,82","30,59","7,98","0,16","2,05","31,2","0,61","7,8"
34,2014,2,La Pampa,"21,45","65,09","21,62","0,17","0,79","65,62","0,53","2,47"
35,2014,2,La Rioja,"10,9","40,94","11,05","0,15","1,38","41,5","0,56","5,14"
36,2014,2,Mendoza,"17,2","61,64","17,49","0,29","1,69","62,67","1,03","5,99"
37,2014,2,Misiones,"9,45","34,7","9,71","0,26","2,75","35,63","0,93","9,84"
38,2014,2,Neuquén,"15,22","51,12","15,46","0,24","1,58","51,94","0,82","5,39"
39,2014,2,Río Negro,"17,62","57,28","17,92","0,3","1,7","58,27","0,99","5,62"
40,2014,2,Salta,"10,75","44,37","10,93","0,18","1,67","45,16","0,79","7,35"
41,2014,2,San Juan,"12,67","49,73","12,97","0,3","2,37","50,91","1,18","9,31"
42,2014,2,San Luis,"10,89","38,03","11,0","0,11","1,01","38,42","0,39","3,58"
43,2014,2,Santa Cruz,"13,11","44,04","13,37","0,26","1,98","44,91","0,87","6,64"
44,2014,2,Santa Fe,"22,8","72,51","23,36","0,56","2,46","74,29","1,78","7,81"
45,2014,2,Santiago del Estero,"7,7","31,02","7,84","0,14","1,82","31,6","0,58","7,53"
46,2014,2,Tierra del Fuego,"22,08","74,44","22,41","0,33","1,49","75,56","1,12","5,07"
47,2014,2,Tucumán,"13,49","54,47","13,79","0,3","2,22","55,65","1,18","8,75"
48,2014,3,Buenos Aires,"26,69","84,85","27,5","0,81","3,03","87,26","2,41","9,03"
49,2014,3,Capital Federal,"52,69","127,35","53,99","1,3","2,47","129,84","2,49","4,73"
50,2014,3,Catamarca,"10,02","39,39","10,19","0,17","1,7","40,06","0,67","6,69"
51,2014,3,Chaco,"9,35","34,97","9,47","0,12","1,28","35,4","0,43","4,6"
52,2014,3,Chubut,"17,57","57,32","18,12","0,55","3,13","59,08","1,76","10,02"
53,2014,3,Córdoba,"20,74","67,73","21,06","0,32","1,54","68,78","1,05","5,06"
54,2014,3,Corrientes,"9,94","37,74","10,09","0,15","1,51","38,3","0,56","5,63"
55,2014,3,Entre Ríos,"17,59","58,84","17,86","0,27","1,53","59,73","0,89","5,06"
56,2014,3,Formosa,"7,36","28,92","7,46","0,1","1,36","29,3","0,38","5,16"
57,2014,3,Jujuy,"7,82","30,59","7,97","0,15","1,92","31,16","0,57","7,29"
58,2014,3,La Pampa,"21,2","64,33","21,84","0,64","3,02","66,29","1,96","9,25"
59,2014,3,La Rioja,"10,83","40,69","10,95","0,12","1,11","41,14","0,45","4,16"
60,2014,3,Mendoza,"17,15","61,44","17,84","0,69","4,02","63,93","2,49","14,52"
61,2014,3,Misiones,"9,52","34,93","9,66","0,14","1,47","35,44","0,51","5,36"
62,2014,3,Neuquén,"15,16","50,92","15,6","0,44","2,9","52,37","1,45","9,56"
63,2014,3,Río Negro,"17,57","57,13","18,16","0,59","3,36","59,03","1,9","10,81"
64,2014,3,Salta,"10,72","44,27","10,89","0,17","1,59","44,96","0,69","6,44"
65,2014,3,San Juan,"12,72","49,91","13,22","0,5","3,93","51,9","1,99","15,64"
66,2014,3,San Luis,"10,78","37,67","11,06","0,28","2,6","38,64","0,97","9,0"
67,2014,3,Santa Cruz,"13,11","44,03","13,43","0,32","2,44","45,15","1,12","8,54"
68,2014,3,Santa Fe,"22,9","72,83","23,25","0,35","1,53","73,91","1,08","4,72"
69,2014,3,Santiago del Estero,"7,69","30,98","7,8","0,11","1,43","31,43","0,45","5,85"
70,2014,3,Tierra del Fuego,"21,97","74,08","22,4","0,43","1,96","75,53","1,45","6,6"
71,2014,3,Tucumán,"13,52","54,56","13,74","0,22","1,63","55,48","0,92","6,8"
72,2014,4,Buenos Aires,"26,96","85,55","29,51","2,55","9,46","93,44","7,89","29,27"
73,2014,4,Capital Federal,"52,93","127,29","54,6","1,67","3,16","130,64","3,35","6,33"
74,2014,4,Catamarca,"9,99","39,27","10,09","0,1","1,0","39,67","0,4","4,0"
75,2014,4,Chaco,"9,28","34,71","9,33","0,05","0,54","34,92","0,21","2,26"
76,2014,4,Chubut,"17,76","57,92","18,88","1,12","6,31","61,59","3,67","20,66"
77,2014,4,Córdoba,"20,65","67,43","20,92","0,27","1,31","68,33","0,9","4,36"
78,2014,4,Corrientes,"9,89","37,55","10,37","0,48","4,85","39,4","1,85","18,71"
79,2014,4,Entre Ríos,"17,51","58,56","17,8","0,29","1,66","59,53","0,97","5,54"
80,2014,4,Formosa,"7,31","28,73","7,4","0,09","1,23","29,05","0,32","4,38"
81,2014,4,Jujuy,"7,81","30,55","7,95","0,14","1,79","31,06","0,51","6,53"
82,2014,4,La Pampa,"21,41","64,99","22,92","1,51","7,05","69,57","4,58","21,39"
83,2014,4,La Rioja,"10,74","40,33","10,84","0,1","0,93","40,72","0,39","3,63"
84,2014,4,Mendoza,"17,49","62,68","18,41","0,92","5,26","65,98","3,3","18,87"
85,2014,4,Misiones,"9,47","34,75","9,52","0,05","0,53","34,94","0,19","2,01"
86,2014,4,Neuquén,"15,29","51,34","15,89","0,6","3,92","53,4","2,06","13,47"
87,2014,4,Río Negro,"17,8","57,87","18,68","0,88","4,94","60,71","2,84","15,96"
88,2014,4,Salta,"10,68","44,08","10,83","0,15","1,4","44,72","0,64","5,99"
89,2014,4,San Juan,"12,96","50,88","13,63","0,67","5,17","53,49","2,61","20,14"
90,2014,4,San Luis,"10,84","37,88","11,19","0,35","3,23","39,11","1,23","11,35"
91,2014,4,Santa Cruz,"13,17","44,26","18,53","5,36","40,7","62,27","18,01","136,75"
92,2014,4,Santa Fe,"22,79","72,46","23,07","0,28","1,23","73,38","0,92","4,04"
93,2014,4,Santiago del Estero,"7,65","30,81","7,73","0,08","1,05","31,15","0,34","4,44"
94,2014,4,Tierra del Fuego,"21,96","74,05","22,59","0,63","2,87","76,17","2,12","9,65"
95,2014,4,Tucumán,"13,47","54,39","13,65","0,18","1,34","55,1","0,71","5,27"
96,2015,1,Buenos Aires,"28,93","91,61","28,59","-0,34","-1,18","90,36","-1,25","-4,32"
97,2015,1,Capital Federal,"53,53","128,08","55,26","1,73","3,23","131,57","3,49","6,52"
98,2015,1,Catamarca,"9,89","38,89","10,07","0,18","1,82","39,58","0,69","6,98"
99,2015,1,Chaco,"9,15","34,24","9,31","0,16","1,75","34,83","0,59","6,45"
100,2015,1,Chubut,"18,51","60,38","19,39","0,88","4,75","63,25","2,87","15,51"
101,2015,1,Córdoba,"20,51","66,99","20,73","0,22","1,07","67,68","0,69","3,36"
102,2015,1,Corrientes,"10,17","38,63","10,35","0,18","1,77","39,31","0,68","6,69"
103,2015,1,Entre Ríos,"17,45","58,36","17,76","0,31","1,78","59,37","1,01","5,79"
104,2015,1,Formosa,"7,25","28,48","7,37","0,12","1,66","28,97","0,49","6,76"
105,2015,1,Jujuy,"7,79","30,45","7,92","0,13","1,67","30,97","0,52","6,68"
106,2015,1,La Pampa,"22,47","68,21","23,25","0,78","3,47","70,53","2,32","10,32"
107,2015,1,La Rioja,"10,63","39,92","10,8","0,17","1,6","40,58","0,66","6,21"
108,2015,1,Mendoza,"18,05","64,69","18,97","0,92","5,1","67,96","3,27","18,12"
109,2015,1,Misiones,"9,33","34,25","9,49","0,16","1,71","34,83","0,58","6,22"
110,2015,1,Neuquén,"15,58","52,35","16,11","0,53","3,4","54,08","1,73","11,1"
111,2015,1,Río Negro,"18,31","59,52","19,21","0,9","4,92","62,42","2,9","15,84"
112,2015,1,Salta,"10,62","43,84","10,79","0,17","1,6","44,56","0,72","6,78"
113,2015,1,San Juan,"13,36","52,44","13,92","0,56","4,19","54,65","2,21","16,54"
114,2015,1,San Luis,"10,97","38,34","11,33","0,36","3,28","39,59","1,25","11,39"
115,2015,1,Santa Cruz,"18,17","61,05","18,79","0,62","3,41","63,13","2,08","11,45"
116,2015,1,Santa Fe,"22,62","71,94","22,97","0,35","1,55","73,04","1,1","4,86"
117,2015,1,Santiago del Estero,"7,58","30,54","7,71","0,13","1,72","31,07","0,53","6,99"
118,2015,1,Tierra del Fuego,"22,15","74,68","22,95","0,8","3,61","77,37","2,69","12,14"
119,2015,1,Tucumán,"13,38","54,02","13,61","0,23","1,72","54,91","0,89","6,65"
120,2015,2,Buenos Aires,"28,03","88,59","28,8","0,77","2,75","90,84","2,25","8,03"
121,2015,2,Capital Federal,"54,18","128,99","54,34","0,16","0,3","128,69","-0,3","-0,55"
122,2015,2,Catamarca,"9,87","38,8","10,07","0,2","2,03","39,59","0,79","8,0"
123,2015,2,Chaco,"9,13","34,15","9,55","0,42","4,6","35,72","1,57","17,2"
124,2015,2,Chubut,"19,01","62,01","19,75","0,74","3,89","64,41","2,4","12,62"
125,2015,2,Córdoba,"20,32","66,35","20,77","0,45","2,21","67,83","1,48","7,28"
126,2015,2,Corrientes,"10,15","38,54","10,55","0,4","3,94","40,04","1,5","14,78"
127,2015,2,Entre Ríos,"17,41","58,21","18,13","0,72","4,14","60,63","2,42","13,9"
128,2015,2,Formosa,"7,23","28,4","7,35","0,12","1,66","28,88","0,48","6,64"
129,2015,2,Jujuy,"7,76","30,36","7,95","0,19","2,45","31,06","0,7","9,02"
130,2015,2,La Pampa,"22,79","69,15","23,35","0,56","2,46","70,86","1,71","7,5"
131,2015,2,La Rioja,"10,59","39,78","10,7","0,11","1,04","40,18","0,4","3,78"
132,2015,2,Mendoza,"18,6","66,63","19,35","0,75","4,03","69,33","2,7","14,52"
133,2015,2,Misiones,"9,3","34,15","9,69","0,39","4,19","35,57","1,42","15,27"
134,2015,2,Neuquén,"15,79","53,02","16,22","0,43","2,72","54,48","1,46","9,25"
135,2015,2,Río Negro,"18,83","61,2","19,49","0,66","3,51","63,36","2,16","11,47"
136,2015,2,Salta,"10,58","43,69","10,77","0,19","1,8","44,46","0,77","7,28"
137,2015,2,San Juan,"13,65","53,58","14,23","0,58","4,25","55,87","2,29","16,78"
138,2015,2,San Luis,"11,11","38,81","11,34","0,23","2,07","39,62","0,81","7,29"
139,2015,2,Santa Cruz,"18,42","61,89","19,01","0,59","3,2","63,87","1,98","10,75"
140,2015,2,Santa Fe,"22,52","71,61","22,99","0,47","2,09","73,11","1,5","6,66"
141,2015,2,Santiago del Estero,"7,56","30,46","7,59","0,03","0,4","30,57","0,11","1,46"
142,2015,2,Tierra del Fuego,"22,5","75,85","23,43","0,93","4,13","79,02","3,17","14,09"
143,2015,2,Tucumán,"13,34","53,83","13,64","0,3","2,25","55,06","1,23","9,22"
144,2015,3,Buenos Aires,"28,24","89,06","28,73","0,49","1,74","90,42","1,36","4,82"
145,2015,3,Capital Federal,"53,27","126,17","52,48","-0,79","-1,48","123,66","-2,51","-4,71"
146,2015,3,Catamarca,"9,87","38,81","10,05","0,18","1,82","39,51","0,7","7,09"
147,2015,3,Chaco,"9,36","35,02","9,18","-0,18","-1,92","34,34","-0,68","-7,26"
148,2015,3,Chubut,"19,36","63,15","19,82","0,46","2,38","64,64","1,49","7,7"
149,2015,3,Córdoba,"20,36","66,5","20,53","0,17","0,83","67,06","0,56","2,75"
150,2015,3,Corrientes,"10,34","39,25","10,21","-0,13","-1,26","38,79","-0,46","-4,45"
151,2015,3,Entre Ríos,"17,77","59,44","17,58","-0,19","-1,07","58,82","-0,62","-3,49"
152,2015,3,Formosa,"7,21","28,31","7,29","0,08","1,11","28,64","0,33","4,58"
153,2015,3,Jujuy,"7,79","30,45","7,95","0,16","2,05","31,06","0,61","7,83"
154,2015,3,La Pampa,"22,89","69,47","23,61","0,72","3,15","71,68","2,21","9,65"
155,2015,3,La Rioja,"10,49","39,39","10,64","0,15","1,43","39,95","0,56","5,34"
156,2015,3,Mendoza,"18,97","67,97","19,44","0,47","2,48","69,68","1,71","9,01"
157,2015,3,Misiones,"9,5","34,87","9,54","0,04","0,42","35,0","0,13","1,37"
158,2015,3,Neuquén,"15,9","53,41","17,72","1,82","11,45","59,51","6,1","38,36"
159,2015,3,Río Negro,"19,11","62,12","19,6","0,49","2,56","63,72","1,6","8,37"
160,2015,3,Salta,"10,56","43,59","10,73","0,17","1,61","44,32","0,73","6,91"
161,2015,3,San Juan,"13,95","54,77","14,34","0,39","2,8","56,29","1,52","10,9"
162,2015,3,San Luis,"11,12","38,84","11,29","0,17","1,53","39,44","0,6","5,4"
163,2015,3,Santa Cruz,"18,64","62,62","16,65","-1,99","-10,68","55,95","-6,67","-35,78"
164,2015,3,Santa Fe,"22,54","71,68","22,68","0,14","0,62","72,14","0,46","2,04"
165,2015,3,Santiago del Estero,"7,44","29,97","7,5","0,06","0,81","30,21","0,24","3,23"
166,2015,3,Tierra del Fuego,"22,97","77,47","23,52","0,55","2,39","79,33","1,86","8,1"
167,2015,3,Tucumán,"13,37","53,98","13,62","0,25","1,87","54,95","0,97","7,26"
168,2015,4,Buenos Aires,"28,17","88,65","29,62","1,45","5,15","93,02","4,37","15,51"
169,2015,4,Capital Federal,"51,45","121,24","53,67","2,22","4,31","125,84","4,6","8,94"
170,2015,4,Catamarca,"9,85","38,74","9,87","0,02","0,2","38,81","0,07","0,71"
171,2015,4,Chaco,"9,0","33,67","9,04","0,04","0,44","33,82","0,15","1,67"
172,2015,4,Chubut,"19,43","63,37","21,79","2,36","12,15","71,06","7,69","39,58"
173,2015,4,Córdoba,"20,13","65,75","19,95","-0,18","-0,89","65,15","-0,6","-2,98"
174,2015,4,Corrientes,"10,01","38,03","9,66","-0,35","-3,5","36,69","-1,34","-13,39"
175,2015,4,Entre Ríos,"17,24","57,67","17,11","-0,13","-0,75","57,22","-0,45","-2,61"
176,2015,4,Formosa,"7,15","28,08","7,2","0,05","0,7","28,28","0,2","2,8"
177,2015,4,Jujuy,"7,79","30,45","7,84","0,05","0,64","30,67","0,22","2,82"
178,2015,4,La Pampa,"23,15","70,27","24,63","1,48","6,39","74,77","4,5","19,44"
179,2015,4,La Rioja,"10,43","39,17","10,38","-0,05","-0,48","38,99","-0,18","-1,73"
180,2015,4,Mendoza,"19,06","68,31","20,46","1,4","7,35","73,32","5,01","26,29"
181,2015,4,Misiones,"9,35","34,31","9,79","0,44","4,71","35,97","1,66","17,75"
182,2015,4,Neuquén,"17,37","58,34","16,6","-0,77","-4,43","55,75","-2,59","-14,91"
183,2015,4,Río Negro,"19,22","62,47","21,05","1,83","9,52","68,43","5,96","31,01"
184,2015,4,Salta,"10,52","43,45","10,56","0,04","0,38","43,6","0,15","1,43"
185,2015,4,San Juan,"14,06","55,19","15,63","1,57","11,17","61,36","6,17","43,88"
186,2015,4,San Luis,"11,07","38,67","11,41","0,34","3,07","39,89","1,22","11,02"
187,2015,4,Santa Cruz,"16,32","54,85","14,76","-1,56","-9,56","49,58","-5,27","-32,29"
188,2015,4,Santa Fe,"22,24","70,73","22,15","-0,09","-0,4","70,44","-0,29","-1,3"
189,2015,4,Santiago del Estero,"7,35","29,62","7,04","-0,31","-4,22","28,35","-1,27","-17,28"
190,2015,4,Tierra del Fuego,"23,06","77,77","25,61","2,55","11,06","86,38","8,61","37,34"
191,2015,4,Tucumán,"13,35","53,87","13,43","0,08","0,6","54,22","0,35","2,62"
192,2016,1,Buenos Aires,"29,04","91,2","29,8","0,76","2,62","93,41","2,21","7,61"
193,2016,1,Capital Federal,"52,62","123,37","52,69","0,07","0,13","123,7","0,33","0,63"
194,2016,1,Catamarca,"9,68","38,05","9,82","0,14","1,45","38,61","0,56","5,79"
195,2016,1,Chaco,"8,86","33,16","9,1","0,24","2,71","34,04","0,88","9,93"
196,2016,1,Chubut,"21,36","69,67","20,4","-0,96","-4,49","66,54","-3,13","-14,65"
197,2016,1,Córdoba,"19,56","63,87","19,91","0,35","1,79","65,03","1,16","5,93"
198,2016,1,Corrientes,"9,47","35,97","9,68","0,21","2,22","36,75","0,78","8,24"
199,2016,1,Entre Ríos,"16,77","56,1","17,22","0,45","2,68","57,57","1,47","8,77"
200,2016,1,Formosa,"7,06","27,73","7,11","0,05","0,71","27,95","0,22","3,12"
201,2016,1,Jujuy,"7,69","30,07","7,81","0,12","1,56","30,56","0,49","6,37"
202,2016,1,La Pampa,"24,15","73,3","24,16","0,01","0,04","73,33","0,03","0,12"
203,2016,1,La Rioja,"10,18","38,23","10,37","0,19","1,87","38,95","0,72","7,07"
204,2016,1,Mendoza,"20,06","71,88","19,81","-0,25","-1,25","70,99","-0,89","-4,44"
205,2016,1,Misiones,"9,6","35,26","9,37","-0,23","-2,4","34,4","-0,86","-8,96"
206,2016,1,Neuquén,"16,27","54,66","16,07","-0,2","-1,23","53,98","-0,68","-4,18"
207,2016,1,Río Negro,"20,64","67,09","20,32","-0,32","-1,55","66,07","-1,02","-4,94"
208,2016,1,Salta,"10,35","42,75","10,52","0,17","1,64","43,41","0,66","6,38"
209,2016,1,San Juan,"15,32","60,16","14,66","-0,66","-4,31","57,53","-2,63","-17,17"
210,2016,1,San Luis,"11,19","39,11","11,25","0,06","0,54","39,3","0,19","1,7"
211,2016,1,Santa Cruz,"14,47","48,61","13,73","-0,74","-5,11","46,13","-2,48","-17,14"
212,2016,1,Santa Fe,"21,72","69,06","22,1","0,38","1,75","70,29","1,23","5,66"
213,2016,1,Santiago del Estero,"6,9","27,79","7,18","0,28","4,06","28,95","1,16","16,81"
214,2016,1,Tierra del Fuego,"25,11","84,69","24,81","-0,3","-1,19","83,65","-1,04","-4,14"
215,2016,1,Tucumán,"13,17","53,16","13,3","0,13","0,99","53,7","0,54","4,1"
216,2016,2,Buenos Aires,"29,22","91,58","28,9","-0,32","-1,1","90,4","-1,18","-4,04"
217,2016,2,Capital Federal,"51,66","121,27","53,5","1,84","3,56","125,55","4,28","8,28"
218,2016,2,Catamarca,"9,63","37,85","9,87","0,24","2,49","38,81","0,96","9,97"
219,2016,2,Chaco,"8,92","33,37","9,06","0,14","1,57","33,89","0,52","5,83"
220,2016,2,Chubut,"20,0","65,24","20,82","0,82","4,1","67,91","2,67","13,35"
221,2016,2,Córdoba,"19,52","63,75","19,89","0,37","1,9","64,95","1,2","6,15"
222,2016,2,Corrientes,"9,49","36,03","9,67","0,18","1,9","36,7","0,67","7,06"
223,2016,2,Entre Ríos,"16,88","56,44","17,15","0,27","1,6","57,34","0,9","5,33"
224,2016,2,Formosa,"6,97","27,4","7,18","0,21","3,01","28,22","0,82","11,76"
225,2016,2,Jujuy,"7,66","29,96","7,82","0,16","2,09","30,58","0,62","8,09"
226,2016,2,La Pampa,"23,69","71,89","24,36","0,67","2,83","73,94","2,05","8,65"
227,2016,2,La Rioja,"10,17","38,19","10,37","0,2","1,97","38,97","0,78","7,67"
228,2016,2,Mendoza,"19,42","69,6","20,17","0,75","3,86","72,27","2,67","13,75"
229,2016,2,Misiones,"9,19","33,73","9,35","0,16","1,74","34,35","0,62","6,75"
230,2016,2,Neuquén,"15,75","52,92","16,46","0,71","4,51","55,3","2,38","15,11"
231,2016,2,Río Negro,"19,92","64,77","20,66","0,74","3,71","67,16","2,39","12,0"
232,2016,2,Salta,"10,31","42,56","10,52","0,21","2,04","43,42","0,86","8,34"
233,2016,2,San Juan,"14,37","56,4","15,31","0,94","6,54","60,1","3,7","25,75"
234,2016,2,San Luis,"11,03","38,53","11,34","0,31","2,81","39,62","1,09","9,88"
235,2016,2,Santa Cruz,"13,46","45,23","13,78","0,32","2,38","46,31","1,08","8,02"
236,2016,2,Santa Fe,"21,67","68,91","22,0","0,33","1,52","69,97","1,06","4,89"
237,2016,2,Santiago del Estero,"7,04","28,38","7,11","0,07","0,99","28,66","0,28","3,98"
238,2016,2,Tierra del Fuego,"24,32","82,01","25,18","0,86","3,54","84,94","2,93","12,05"
239,2016,2,Tucumán,"13,04","52,65","13,34","0,3","2,3","53,87","1,22","9,36"
240,2016,3,Buenos Aires,"28,33","88,63","29,44","1,11","3,92","91,88","3,25","11,47"
241,2016,3,Capital Federal,"52,45","123,09","53,93","1,48","2,82","127,76","4,67","8,9"
242,2016,3,Catamarca,"9,68","38,05","9,8","0,12","1,24","38,55","0,5","5,17"
243,2016,3,Chaco,"8,88","33,23","8,97","0,09","1,01","33,56","0,33","3,72"
244,2016,3,Chubut,"20,41","66,58","21,49","1,08","5,29","70,1","3,52","17,25"
245,2016,3,Córdoba,"19,5","63,68","19,83","0,33","1,69","64,77","1,09","5,59"
246,2016,3,Corrientes,"9,48","35,98","9,6","0,12","1,27","36,43","0,45","4,75"
247,2016,3,Entre Ríos,"16,81","56,22","16,98","0,17","1,01","56,8","0,58","3,45"
248,2016,3,Formosa,"7,04","27,67","7,15","0,11","1,56","28,09","0,42","5,97"
249,2016,3,Jujuy,"7,67","29,98","7,77","0,1","1,3","30,41","0,43","5,61"
250,2016,3,La Pampa,"23,88","72,49","24,47","0,59","2,47","74,27","1,78","7,45"
251,2016,3,La Rioja,"10,17","38,21","10,27","0,1","0,98","38,59","0,38","3,74"
252,2016,3,Mendoza,"19,77","70,85","20,29","0,52","2,63","72,71","1,86","9,41"
253,2016,3,Misiones,"9,17","33,68","9,71","0,54","5,89","35,64","1,96","21,37"
254,2016,3,Neuquén,"16,14","54,22","16,42","0,28","1,73","55,16","0,94","5,82"
255,2016,3,Río Negro,"20,25","65,84","20,83","0,58","2,86","67,72","1,88","9,28"
256,2016,3,Salta,"10,31","42,57","10,46","0,15","1,45","43,17","0,6","5,82"
257,2016,3,San Juan,"15,01","58,92","15,49","0,48","3,2","60,84","1,92","12,79"
258,2016,3,San Luis,"11,12","38,84","11,3","0,18","1,62","39,49","0,65","5,85"
259,2016,3,Santa Cruz,"13,51","45,4","14,45","0,94","6,96","48,57","3,17","23,46"
260,2016,3,Santa Fe,"21,57","68,6","22,04","0,47","2,18","70,1","1,5","6,95"
261,2016,3,Santiago del Estero,"6,97","28,1","6,98","0,01","0,14","28,12","0,02","0,29"
262,2016,3,Tierra del Fuego,"24,69","83,27","25,1","0,41","1,66","84,67","1,4","5,67"
263,2016,3,Tucumán,"13,08","52,81","13,3","0,22","1,68","53,7","0,89","6,8"
264,2016,4,Buenos Aires,"28,86","90,08","29,62","0,76","2,63","93,02","2,94","10,19"
265,2016,4,Capital Federal,"52,87","125,25","53,67","0,8","1,51","125,84","0,59","1,12"
266,2016,4,Catamarca,"9,61","37,79","9,87","0,26","2,71","38,81","1,02","10,61"
267,2016,4,Chaco,"8,79","32,9","9,04","0,25","2,84","33,82","0,92","10,47"
268,2016,4,Chubut,"21,07","68,73","21,79","0,72","3,42","71,06","2,33","11,06"
269,2016,4,Córdoba,"19,44","63,5","19,95","0,51","2,62","65,15","1,65","8,49"
270,2016,4,Corrientes,"9,41","35,72","9,66","0,25","2,66","36,69","0,97","10,31"
271,2016,4,Entre Ríos,"16,65","55,69","17,11","0,46","2,76","57,22","1,53","9,19"
272,2016,4,Formosa,"7,01","27,54","7,2","0,19","2,71","28,28","0,74","10,56"
273,2016,4,Jujuy,"7,62","29,81","7,84","0,22","2,89","30,67","0,86","11,29"
274,2016,4,La Pampa,"23,99","72,81","24,63","0,64","2,67","74,77","1,96","8,17"
275,2016,4,La Rioja,"10,07","37,83","10,38","0,31","3,08","38,99","1,16","11,52"
276,2016,4,Mendoza,"19,89","71,28","20,46","0,57","2,87","73,32","2,04","10,26"
277,2016,4,Misiones,"9,52","34,94","9,79","0,27","2,84","35,97","1,03","10,82"
278,2016,4,Neuquén,"16,1","54,08","16,6","0,5","3,11","55,75","1,67","10,37"
279,2016,4,Río Negro,"20,42","66,39","21,05","0,63","3,09","68,43","2,04","9,99"
280,2016,4,Salta,"10,25","42,32","10,56","0,31","3,02","43,6","1,28","12,49"
281,2016,4,San Juan,"15,19","59,65","15,63","0,44","2,9","61,36","1,71","11,26"
282,2016,4,San Luis,"11,08","38,72","11,41","0,33","2,98","39,89","1,17","10,56"
283,2016,4,Santa Cruz,"14,17","47,62","14,76","0,59","4,16","49,58","1,96","13,83"
284,2016,4,Santa Fe,"21,61","68,73","22,15","0,54","2,5","70,44","1,71","7,91"
285,2016,4,Santiago del Estero,"6,84","27,57","7,04","0,2","2,92","28,35","0,78","11,4"
286,2016,4,Tierra del Fuego,"24,61","83,01","25,61","1,0","4,06","86,38","3,37","13,69"
287,2016,4,Tucumán,"13,04","52,65","13,43","0,39","2,99","54,22","1,57","12,04"
288,2017,1,Buenos Aires,"29,04","91,2","29,8","0,76","2,62","93,41","2,21","7,61"
289,2017,1,Capital Federal,"52,62","123,37","52,69","0,07","0,13","123,7","0,33","0,63"
290,2017,1,Catamarca,"9,68","38,05","9,82","0,14","1,45","38,61","0,56","5,79"
291,2017,1,Chaco,"8,86","33,16","9,1","0,24","2,71","34,04","0,88","9,93"
292,2017,1,Chubut,"21,36","69,67","20,4","-0,96","-4,49","66,54","-3,13","-14,65"
293,2017,1,Córdoba,"19,56","63,87","19,91","0,35","1,79","65,03","1,16","5,93"
294,2017,1,Corrientes,"9,47","35,97","9,68","0,21","2,22","36,75","0,78","8,24"
295,2017,1,Entre Ríos,"16,77","56,1","17,22","0,45","2,68","57,57","1,47","8,77"
296,2017,1,Formosa,"7,06","27,73","7,11","0,05","0,71","27,95","0,22","3,12"
297,2017,1,Jujuy,"7,69","30,07","7,81","0,12","1,56","30,56","0,49","6,37"
298,2017,1,La Pampa,"24,15","73,3","24,16","0,01","0,04","73,33","0,03","0,12"
299,2017,1,La Rioja,"10,18","38,23","10,37","0,19","1,87","38,95","0,72","7,07"
300,2017,1,Mendoza,"20,06","71,88","19,81","-0,25","-1,25","70,99","-0,89","-4,44"
301,2017,1,Misiones,"9,6","35,26","9,37","-0,23","-2,4","34,4","-0,86","-8,96"
302,2017,1,Neuquén,"16,27","54,66","16,07","-0,2","-1,23","53,98","-0,68","-4,18"
303,2017,1,Río Negro,"20,64","67,09","20,32","-0,32","-1,55","66,07","-1,02","-4,94"
304,2017,1,Salta,"10,35","42,75","10,52","0,17","1,64","43,41","0,66","6,38"
305,2017,1,San Juan,"15,32","60,16","14,66","-0,66","-4,31","57,53","-2,63","-17,17"
306,2017,1,San Luis,"11,19","39,11","11,25","0,06","0,54","39,3","0,19","1,7"
307,2017,1,Santa Cruz,"14,47","48,61","13,73","-0,74","-5,11","46,13","-2,48","-17,14"
308,2017,1,Santa Fe,"21,72","69,06","22,1","0,38","1,75","70,29","1,23","5,66"
309,2017,1,Santiago del Estero,"6,9","27,79","7,18","0,28","4,06","28,95","1,16","16,81"
310,2017,1,Tierra del Fuego,"25,11","84,69","24,81","-0,3","-1,19","83,65","-1,04","-4,14"
311,2017,1,Tucumán,"13,17","53,16","13,3","0,13","0,99","53,7","0,54","4,1"
312,2017,2,Buenos Aires,"29,22","91,58","28,9","-0,32","-1,1","90,4","-1,18","-4,04"
313,2017,2,Capital Federal,"51,66","121,27","53,5","1,84","3,56","125,55","4,28","8,28"
314,2017,2,Catamarca,"9,63","37,85","9,87","0,24","2,49","38,81","0,96","9,97"
315,2017,2,Chaco,"8,92","33,37","9,06","0,14","1,57","33,89","0,52","5,83"
316,2017,2,Chubut,"20,0","65,24","20,82","0,82","4,1","67,91","2,67","13,35"
317,2017,2,Córdoba,"19,52","63,75","19,89","0,37","1,9","64,95","1,2","6,15"
318,2017,2,Corrientes,"9,49","36,03","9,67","0,18","1,9","36,7","0,67","7,06"
319,2017,2,Entre Ríos,"16,88","56,44","17,15","0,27","1,6","57,34","0,9","5,33"
320,2017,2,Formosa,"6,97","27,4","7,18","0,21","3,01","28,22","0,82","11,76"
321,2017,2,Jujuy,"7,66","29,96","7,82","0,16","2,09","30,58","0,62","8,09"
322,2017,2,La Pampa,"23,69","71,89","24,36","0,67","2,83","73,94","2,05","8,65"
323,2017,2,La Rioja,"10,17","38,19","10,37","0,2","1,97","38,97","0,78","7,67"
324,2017,2,Mendoza,"19,42","69,6","20,17","0,75","3,86","72,27","2,67","13,75"
325,2017,2,Misiones,"9,19","33,73","9,35","0,16","1,74","34,35","0,62","6,75"
326,2017,2,Neuquén,"15,75","52,92","16,46","0,71","4,51","55,3","2,38","15,11"
327,2017,2,Río Negro,"19,92","64,77","20,66","0,74","3,71","67,16","2,39","12,0"
328,2017,2,Salta,"10,31","42,56","10,52","0,21","2,04","43,42","0,86","8,34"
329,2017,2,San Juan,"14,37","56,4","15,31","0,94","6,54","60,1","3,7","25,75"
330,2017,2,San Luis,"11,03","38,53","11,34","0,31","2,81","39,62","1,09","9,88"
331,2017,2,Santa Cruz,"13,46","45,23","13,78","0,32","2,38","46,31","1,08","8,02"
332,2017,2,Santa Fe,"21,67","68,91","22,0","0,33","1,52","69,97","1,06","4,89"
333,2017,2,Santiago del Estero,"7,04","28,38","7,11","0,07","0,99","28,66","0,28","3,98"
334,2017,2,Tierra del Fuego,"24,32","82,01","25,18","0,86","3,54","84,94","2,93","12,05"
335,2017,2,Tucumán,"13,04","52,65","13,34","0,3","2,3","53,87","1,22","9,36"
336,2017,3,Buenos Aires,"28,33","88,63","29,44","1,11","3,92","91,88","3,25","11,47"
337,2017,3,Capital Federal,"52,45","123,09","53,93","1,48","2,82","127,76","4,67","8,9"
338,2017,3,Catamarca,"9,68","38,05","9,8","0,12","1,24","38,55","0,5","5,17"
339,2017,3,Chaco,"8,88","33,23","8,97","0,09","1,01","33,56","0,33","3,72"
340,2017,3,Chubut,"20,41","66,58","21,49","1,08","5,29","70,1","3,52","17,25"
341,2017,3,Córdoba,"19,5","63,68","19,83","0,33","1,69","64,77","1,09","5,59"
342,2017,3,Corrientes,"9,48","35,98","9,6","0,12","1,27","36,43","0,45","4,75"
343,2017,3,Entre Ríos,"16,81","56,22","16,98","0,17","1,01","56,8","0,58","3,45"
344,2017,3,Formosa,"7,04","27,67","7,15","0,11","1,56","28,09","0,42","5,97"
345,2017,3,Jujuy,"7,67","29,98","7,77","0,1","1,3","30,41","0,43","5,61"
346,2017,3,La Pampa,"23,88","72,49","24,47","0,59","2,47","74,27","1,78","7,45"
347,2017,3,La Rioja,"10,17","38,21","10,27","0,1","0,98","38,59","0,38","3,74"
348,2017,3,Mendoza,"19,77","70,85","20,29","0,52","2,63","72,71","1,86","9,41"
349,2017,3,Misiones,"9,17","33,68","9,71","0,54","5,89","35,64","1,96","21,37"
350,2017,3,Neuquén,"16,14","54,22","16,42","0,28","1,73","55,16","0,94","5,82"
351,2017,3,Río Negro,"20,25","65,84","20,83","0,58","2,86","67,72","1,88","9,28"
352,2017,3,Salta,"10,31","42,57","10,46","0,15","1,45","43,17","0,6","5,82"
353,2017,3,San Juan,"15,01","58,92","15,49","0,48","3,2","60,84","1,92","12,79"
354,2017,3,San Luis,"11,12","38,84","11,3","0,18","1,62","39,49","0,65","5,85"
355,2017,3,Santa Cruz,"13,51","45,4","14,45","0,94","6,96","48,57","3,17","23,46"
356,2017,3,Santa Fe,"21,57","68,6","22,04","0,47","2,18","70,1","1,5","6,95"
357,2017,3,Santiago del Estero,"6,97","28,1","6,98","0,01","0,14","28,12","0,02","0,29"
358,2017,3,Tierra del Fuego,"24,69","83,27","25,1","0,41","1,66","84,67","1,4","5,67"
359,2017,3,Tucumán,"13,08","52,81","13,3","0,22","1,68","53,7","0,89","6,8"
360,2017,4,Buenos Aires,"28,86","90,08","26,41","-2,45","-8,49","81,57","-8,51","-29,49"
361,2017,4,Capital Federal,"52,87","125,25","57,61","4,74","8,97","137,34","12,09","22,87"
362,2017,4,Catamarca,"9,61","37,79","9,62","0,01","0,1","37,81","0,02","0,21"
363,2017,4,Chaco,"8,79","32,9","8,59","-0,2","-2,28","32,13","-0,77","-8,76"
364,2017,4,Chubut,"21,07","68,73","19,54","-1,53","-7,26","63,75","-4,98","-23,64"
365,2017,4,Córdoba,"19,44","63,5","19,23","-0,21","-1,08","62,78","-0,72","-3,7"
366,2017,4,Corrientes,"9,41","35,72","9,25","-0,16","-1,7","35,13","-0,59","-6,27"
367,2017,4,Entre Ríos,"16,65","55,69","16,22","-0,43","-2,58","54,25","-1,44","-8,65"
368,2017,4,Formosa,"7,01","27,54","6,9","-0,11","-1,57","27,09","-0,45","-6,42"
369,2017,4,Jujuy,"7,62","29,81","7,37","-0,25","-3,28","28,84","-0,97","-12,73"
370,2017,4,La Pampa,"23,99","72,81","21,85","-2,14","-8,92","66,32","-6,49","-27,05"
371,2017,4,La Rioja,"10,07","37,83","9,62","-0,45","-4,47","36,14","-1,69","-16,78"
372,2017,4,Mendoza,"19,89","71,28","18,93","-0,96","-4,83","67,82","-3,46","-17,4"
373,2017,4,Misiones,"9,52","34,94","8,59","-0,93","-9,77","31,52","-3,42","-35,92"
374,2017,4,Neuquén,"16,1","54,08","15,4","-0,7","-4,35","51,73","-2,35","-14,6"
375,2017,4,Río Negro,"20,42","66,39","19,67","-0,75","-3,67","63,94","-2,45","-12,0"
376,2017,4,Salta,"10,25","42,32","9,89","-0,36","-3,51","40,83","-1,49","-14,54"
377,2017,4,San Juan,"15,19","59,65","15,42","0,23","1,51","60,56","0,91","5,99"
378,2017,4,San Luis,"11,08","38,72","9,16","-1,92","-17,33","32,01","-6,71","-60,56"
379,2017,4,Santa Cruz,"14,17","47,62","13,09","-1,08","-7,62","43,97","-3,65","-25,76"
380,2017,4,Santa Fe,"21,61","68,73","20,24","-1,37","-6,34","64,37","-4,36","-20,18"
381,2017,4,Santiago del Estero,"6,84","27,57","6,1","-0,74","-10,82","24,59","-2,98","-43,57"
382,2017,4,Tierra del Fuego,"24,61","83,01","20,82","-3,79","-15,4","70,21","-12,8","-52,01"
383,2017,4,Tucumán,"13,04","52,65","13,29","0,25","1,92","53,67","1,02","7,82"
384,2018,1,Buenos Aires,"25,89","79,97","26,58","0,69","2,67","81,92","1,95","7,53"
385,2018,1,Capital Federal,"56,48","134,65","57,95","1,47","2,6","138,32","3,67","6,5"
386,2018,1,Catamarca,"9,43","37,07","9,55","0,12","1,27","37,52","0,45","4,77"
387,2018,1,Chaco,"8,42","31,5","8,48","0,06","0,71","31,7","0,2","2,38"
388,2018,1,Chubut,"19,16","62,5","19,97","0,81","4,23","65,16","2,66","13,88"
389,2018,1,Córdoba,"18,85","61,55","18,95","0,1","0,53","61,89","0,34","1,8"
390,2018,1,Corrientes,"9,07","34,44","9,18","0,11","1,21","34,85","0,41","4,52"
391,2018,1,Entre Ríos,"15,9","53,19","16,03","0,13","0,82","53,62","0,43","2,7"
392,2018,1,Formosa,"6,76","26,56","6,81","0,05","0,74","26,78","0,22","3,25"
393,2018,1,Jujuy,"7,23","28,27","7,26","0,03","0,41","28,41","0,14","1,94"
394,2018,1,La Pampa,"21,42","65,02","21,93","0,51","2,38","66,56","1,54","7,19"
395,2018,1,La Rioja,"9,43","35,43","9,37","-0,06","-0,64","35,2","-0,23","-2,44"
396,2018,1,Mendoza,"18,56","66,49","18,88","0,32","1,72","67,65","1,16","6,25"
397,2018,1,Misiones,"8,42","30,9","8,95","0,53","6,29","32,85","1,95","23,16"
398,2018,1,Neuquén,"15,1","50,72","15,34","0,24","1,59","51,52","0,8","5,3"
399,2018,1,Río Negro,"19,28","62,69","19,59","0,31","1,61","63,7","1,01","5,24"
400,2018,1,Salta,"9,7","40,03","9,7","0,0","0,0","40,06","0,03","0,31"
401,2018,1,San Juan,"15,12","59,37","15,38","0,26","1,72","60,39","1,02","6,75"
402,2018,1,San Luis,"8,98","31,38","9,13","0,15","1,67","31,91","0,53","5,9"
403,2018,1,Santa Cruz,"12,83","43,11","13,02","0,19","1,48","43,74","0,63","4,91"
404,2018,1,Santa Fe,"19,84","63,11","20,09","0,25","1,26","63,89","0,78","3,93"
405,2018,1,Santiago del Estero,"5,98","24,11","5,89","-0,09","-1,51","23,69","-0,42","-7,02"
406,2018,1,Tierra del Fuego,"20,41","68,83","20,69","0,28","1,37","69,75","0,92","4,51"
407,2018,1,Tucumán,"13,03","52,62","13,23","0,2","1,53","53,39","0,77","5,91"
408,2018,2,Buenos Aires,"26,06","80,31","26,6","0,54","2,07","81,79","1,48","5,68"
409,2018,2,Capital Federal,"56,81","135,61","59,02","2,21","3,89","141,05","5,44","9,58"
410,2018,2,Catamarca,"9,36","36,78","9,46","0,1","1,07","37,16","0,38","4,06"
411,2018,2,Chaco,"8,31","31,08","7,9","-0,41","-4,93","29,57","-1,51","-18,17"
412,2018,2,Chubut,"19,58","63,88","19,88","0,3","1,53","64,86","0,98","5,01"
413,2018,2,Córdoba,"18,58","60,68","18,65","0,07","0,38","60,9","0,22","1,18"
414,2018,2,Corrientes,"9,0","34,17","8,77","-0,23","-2,56","33,3","-0,87","-9,67"
415,2018,2,Entre Ríos,"15,72","52,57","14,98","-0,74","-4,71","50,12","-2,45","-15,59"
416,2018,2,Formosa,"6,68","26,25","6,74","0,06","0,9","26,5","0,25","3,74"
417,2018,2,Jujuy,"7,12","27,85","7,16","0,04","0,56","28,02","0,17","2,39"
418,2018,2,La Pampa,"21,5","65,25","21,88","0,38","1,77","66,41","1,16","5,4"
419,2018,2,La Rioja,"9,19","34,51","9,18","-0,01","-0,11","34,47","-0,04","-0,44"
420,2018,2,Mendoza,"18,51","66,32","18,83","0,32","1,73","67,47","1,15","6,21"
421,2018,2,Misiones,"8,77","32,21","8,58","-0,19","-2,17","31,49","-0,72","-8,21"
422,2018,2,Neuquén,"15,04","50,51","15,28","0,24","1,6","51,35","0,84","5,59"
423,2018,2,Río Negro,"19,21","62,45","19,52","0,31","1,61","63,46","1,01","5,26"
424,2018,2,Salta,"9,51","39,27","9,5","-0,01","-0,11","39,22","-0,05","-0,53"
425,2018,2,San Juan,"15,08","59,21","15,34","0,26","1,72","60,22","1,01","6,7"
426,2018,2,San Luis,"8,95","31,28","9,1","0,15","1,68","31,79","0,51","5,7"
427,2018,2,Santa Cruz,"12,76","42,88","12,91","0,15","1,18","43,4","0,52","4,08"
428,2018,2,Santa Fe,"19,7","62,64","19,68","-0,02","-0,1","62,59","-0,05","-0,25"
429,2018,2,Santiago del Estero,"5,77","23,23","5,7","-0,07","-1,21","22,98","-0,25","-4,33"
430,2018,2,Tierra del Fuego,"20,28","68,38","20,55","0,27","1,33","69,31","0,93","4,59"
431,2018,2,Tucumán,"12,97","52,34","13,15","0,18","1,39","53,09","0,75","5,78"
432,2018,3,Buenos Aires,"26,08","80,19","26,93","0,85","3,26","82,6","2,41","9,24"
433,2018,3,Capital Federal,"57,86","138,28","58,26","0,4","0,69","139,4","1,12","1,94"
434,2018,3,Catamarca,"9,27","36,43","9,2","-0,07","-0,76","36,19","-0,24","-2,59"
435,2018,3,Chaco,"7,75","28,99","8,24","0,49","6,32","30,82","1,83","23,61"
436,2018,3,Chubut,"19,49","63,59","19,89","0,4","2,05","64,88","1,29","6,62"
437,2018,3,Córdoba,"18,28","59,71","18,5","0,22","1,2","60,41","0,7","3,83"
438,2018,3,Corrientes,"8,6","32,65","8,95","0,35","4,07","33,97","1,32","15,35"
439,2018,3,Entre Ríos,"14,69","49,14","15,49","0,8","5,45","51,81","2,67","18,18"
440,2018,3,Formosa,"6,61","25,98","6,61","0,0","0,0","25,97","-0,01","-0,15"
441,2018,3,Jujuy,"7,02","27,47","7,06","0,04","0,57","27,61","0,14","1,99"
442,2018,3,La Pampa,"21,45","65,11","22,05","0,6","2,8","66,93","1,82","8,48"
443,2018,3,La Rioja,"9,0","33,79","8,97","-0,03","-0,33","33,67","-0,12","-1,33"
444,2018,3,Mendoza,"18,46","66,15","18,79","0,33","1,79","67,33","1,18","6,39"
445,2018,3,Misiones,"8,41","30,87","8,58","0,17","2,02","31,51","0,64","7,61"
446,2018,3,Neuquén,"14,98","50,34","17,12","2,14","14,29","57,51","7,17","47,86"
447,2018,3,Río Negro,"19,14","62,22","19,45","0,31","1,62","63,25","1,03","5,38"
448,2018,3,Salta,"9,31","38,45","9,23","-0,08","-0,86","38,1","-0,35","-3,76"
449,2018,3,San Juan,"15,04","59,04","15,31","0,27","1,8","60,1","1,06","7,05"
450,2018,3,San Luis,"8,92","31,17","10,61","1,69","18,95","37,07","5,9","66,14"
451,2018,3,Santa Cruz,"12,66","42,55","12,85","0,19","1,5","43,2","0,65","5,13"
452,2018,3,Santa Fe,"19,29","61,36","20,37","1,08","5,6","64,78","3,42","17,73"
453,2018,3,Santiago del Estero,"5,59","22,53","7,86","2,27","40,61","31,67","9,14","163,51"
454,2018,3,Tierra del Fuego,"20,15","67,95","20,42","0,27","1,34","68,87","0,92","4,57"
455,2018,3,Tucumán,"12,89","52,05","12,9","0,01","0,08","52,09","0,04","0,31"
456,2018,4,Buenos Aires,"26,4","80,98","20,99","-5,41","-20,49","64,26","-16,72","-63,33"
457,2018,4,Capital Federal,"57,12","136,67","53,14","-3,98","-6,97","127,32","-9,35","-16,37"
458,2018,4,Catamarca,"9,02","35,48","8,99","-0,03","-0,33","35,33","-0,15","-1,66"
459,2018,4,Chaco,"8,08","30,22","8,04","-0,04","-0,5","30,09","-0,13","-1,61"
460,2018,4,Chubut,"19,5","63,61","14,96","-4,54","-23,28","48,8","-14,81","-75,95"
461,2018,4,Córdoba,"18,14","59,23","18,04","-0,1","-0,55","58,94","-0,29","-1,6"
462,2018,4,Corrientes,"8,77","33,3","8,75","-0,02","-0,23","33,24","-0,06","-0,68"
463,2018,4,Entre Ríos,"15,19","50,79","15,18","-0,01","-0,07","50,78","-0,01","-0,07"
464,2018,4,Formosa,"6,48","25,46","6,45","-0,03","-0,46","25,31","-0,15","-2,31"
465,2018,4,Jujuy,"6,92","27,07","6,96","0,04","0,58","27,21","0,14","2,02"
466,2018,4,La Pampa,"21,62","65,62","18,96","-2,66","-12,3","57,55","-8,07","-37,33"
467,2018,4,La Rioja,"8,79","33,01","8,66","-0,13","-1,48","32,53","-0,48","-5,46"
468,2018,4,Mendoza,"18,42","66,01","12,53","-5,89","-31,98","44,87","-21,14","-114,77"
469,2018,4,Misiones,"8,41","30,89","8,34","-0,07","-0,83","30,64","-0,25","-2,97"
470,2018,4,Neuquén,"16,78","56,38","13,06","-3,72","-22,17","43,85","-12,53","-74,67"
471,2018,4,Río Negro,"19,07","62,01","13,93","-5,14","-26,95","45,3","-16,71","-87,62"
472,2018,4,Salta,"9,05","37,35","8,96","-0,09","-0,99","36,95","-0,4","-4,42"
473,2018,4,San Juan,"15,01","58,92","11,38","-3,63","-24,18","44,67","-14,25","-94,94"
474,2018,4,San Luis,"10,4","36,34","8,75","-1,65","-15,87","30,59","-5,75","-55,29"
475,2018,4,Santa Cruz,"12,6","42,35","9,85","-2,75","-21,83","33,12","-9,23","-73,25"
476,2018,4,Santa Fe,"19,97","63,51","19,97","0,0","0,0","63,51","0,0","0,0"
477,2018,4,Santiago del Estero,"7,71","31,05","7,7","-0,01","-0,13","31,04","-0,01","-0,13"
478,2018,4,Tierra del Fuego,"20,02","67,52","15,31","-4,71","-23,53","51,63","-15,89","-79,37"
479,2018,4,Tucumán,"12,65","51,07","12,64","-0,01","-0,08","51,03","-0,04","-0,32"
480,2019,1,Buenos Aires,"20,58","63,0","16,66","-3,92","-19,05","50,88","-12,12","-58,89"
481,2019,1,Capital Federal,"52,1","124,82","37,85","-14,25","-27,35","90,81","-34,01","-65,28"
482,2019,1,Catamarca,"8,81","34,64","8,69","-0,12","-1,36","34,18","-0,46","-5,22"
483,2019,1,Chaco,"7,88","29,5","7,84","-0,04","-0,51","29,36","-0,14","-1,78"
484,2019,1,Chubut,"14,67","47,84","14,45","-0,22","-1,5","47,14","-0,7","-4,77"
485,2019,1,Córdoba,"17,69","57,78","17,68","-0,01","-0,06","57,73","-0,05","-0,28"
486,2019,1,Corrientes,"8,58","32,59","8,59","0,01","0,12","32,6","0,01","0,12"
487,2019,1,Entre Ríos,"14,88","49,78","14,88","0,0","0,0","49,78","0,0","0,0"
488,2019,1,Formosa,"6,32","24,81","6,25","-0,07","-1,11","24,57","-0,24","-3,8"
489,2019,1,Jujuy,"6,82","26,68","6,86","0,04","0,59","26,84","0,16","2,35"
490,2019,1,La Pampa,"18,59","56,42","18,55","-0,04","-0,22","56,3","-0,12","-0,65"
491,2019,1,La Rioja,"8,49","31,89","8,3","-0,19","-2,24","31,17","-0,72","-8,48"
492,2019,1,Mendoza,"12,28","43,99","12,06","-0,22","-1,79","43,2","-0,79","-6,43"
493,2019,1,Misiones,"8,18","30,04","8,13","-0,05","-0,61","29,86","-0,18","-2,2"
494,2019,1,Neuquén,"12,8","42,99","12,73","-0,07","-0,55","42,78","-0,21","-1,64"
495,2019,1,Río Negro,"13,66","44,41","13,4","-0,26","-1,9","43,56","-0,85","-6,22"
496,2019,1,Salta,"8,78","36,23","8,69","-0,09","-1,03","35,88","-0,35","-3,99"
497,2019,1,San Juan,"11,16","43,79","11,11","-0,05","-0,45","43,6","-0,19","-1,7"
498,2019,1,San Luis,"8,58","29,99","6,81","-1,77","-20,63","23,8","-6,19","-72,14"
499,2019,1,Santa Cruz,"9,66","32,47","9,46","-0,2","-2,07","31,76","-0,71","-7,35"
500,2019,1,Santa Fe,"19,58","62,26","19,52","-0,06","-0,31","62,09","-0,17","-0,87"
501,2019,1,Santiago del Estero,"7,55","30,43","7,54","-0,01","-0,13","30,37","-0,06","-0,79"
502,2019,1,Tierra del Fuego,"15,01","50,62","14,65","-0,36","-2,4","49,41","-1,21","-8,06"
503,2019,1,Tucumán,"12,39","50,03","12,29","-0,1","-0,81","49,6","-0,43","-3,47"
504,2019,2,Buenos Aires,"16,33","49,88","20,02","3,69","22,6","61,01","11,13","68,16"
505,2019,2,Capital Federal,"37,11","89,03","49,7","12,59","33,93","119,38","30,35","81,78"
506,2019,2,Catamarca,"8,52","33,51","8,08","-0,44","-5,16","31,77","-1,74","-20,42"
507,2019,2,Chaco,"7,69","28,78","7,54","-0,15","-1,95","28,2","-0,58","-7,54"
508,2019,2,Chubut,"14,17","46,22","14,02","-0,15","-1,06","45,74","-0,48","-3,39"
509,2019,2,Córdoba,"17,33","56,6","16,75","-0,58","-3,35","54,71","-1,89","-10,91"
510,2019,2,Corrientes,"8,42","31,96","8,35","-0,07","-0,83","31,73","-0,23","-2,73"
511,2019,2,Entre Ríos,"14,59","48,8","14,4","-0,19","-1,3","48,18","-0,62","-4,25"
512,2019,2,Formosa,"6,13","24,09","6,1","-0,03","-0,49","23,98","-0,11","-1,79"
513,2019,2,Jujuy,"6,73","26,31","6,69","-0,04","-0,59","26,17","-0,14","-2,08"
514,2019,2,La Pampa,"18,19","55,2","18,28","0,09","0,49","55,47","0,27","1,48"
515,2019,2,La Rioja,"8,14","30,56","7,74","-0,4","-4,91","29,09","-1,47","-18,06"
516,2019,2,Mendoza,"11,82","42,35","11,67","-0,15","-1,27","41,8","-0,55","-4,65"
517,2019,2,Misiones,"7,97","29,27","7,82","-0,15","-1,88","28,72","-0,55","-6,9"
518,2019,2,Neuquén,"12,48","41,94","12,47","-0,01","-0,08","41,91","-0,03","-0,24"
519,2019,2,Río Negro,"13,14","42,71","12,99","-0,15","-1,14","42,24","-0,47","-3,58"
520,2019,2,Salta,"8,52","35,18","8,23","-0,29","-3,4","33,98","-1,2","-14,08"
521,2019,2,San Juan,"10,89","42,75","10,86","-0,03","-0,28","42,65","-0,1","-0,92"
522,2019,2,San Luis,"6,68","23,33","7,97","1,29","19,31","27,83","4,5","67,37"
523,2019,2,Santa Cruz,"9,27","31,14","9,12","-0,15","-1,62","30,65","-0,49","-5,29"
524,2019,2,Santa Fe,"19,14","60,87","18,81","-0,33","-1,72","59,82","-1,05","-5,49"
525,2019,2,Santiago del Estero,"7,39","29,77","7,29","-0,1","-1,35","29,4","-0,37","-5,01"
526,2019,2,Tierra del Fuego,"14,36","48,44","15,1","0,74","5,15","50,92","2,48","17,27"
527,2019,2,Tucumán,"12,05","48,63","11,69","-0,36","-2,99","47,19","-1,44","-11,95"
528,2019,3,Buenos Aires,"19,63","59,81","19,59","-0,04","-0,2","59,58","-0,23","-1,17"
529,2019,3,Capital Federal,"48,73","117,04","49,08","0,35","0,72","118,0","0,96","1,97"
530,2019,3,Catamarca,"7,92","31,15","7,68","-0,24","-3,03","30,18","-0,97","-12,25"
531,2019,3,Chaco,"7,39","27,65","7,41","0,02","0,27","27,7","0,05","0,68"
532,2019,3,Chubut,"13,75","44,84","13,61","-0,14","-1,02","44,4","-0,44","-3,2"
533,2019,3,Córdoba,"16,42","53,64","16,28","-0,14","-0,85","53,17","-0,47","-2,86"
534,2019,3,Corrientes,"8,19","31,11","8,23","0,04","0,49","31,25","0,14","1,71"
535,2019,3,Entre Ríos,"14,12","47,24","14,17","0,05","0,35","47,39","0,15","1,06"
536,2019,3,Formosa,"5,98","23,51","5,98","0,0","0,0","23,5","-0,01","-0,17"
537,2019,3,Jujuy,"6,56","25,66","6,59","0,03","0,46","25,76","0,1","1,52"
538,2019,3,La Pampa,"17,92","54,38","20,4","2,48","13,84","61,91","7,53","42,02"
539,2019,3,La Rioja,"7,59","28,52","7,41","-0,18","-2,37","27,82","-0,7","-9,22"
540,2019,3,Mendoza,"11,44","40,98","11,27","-0,17","-1,49","40,39","-0,59","-5,16"
541,2019,3,Misiones,"7,67","28,16","7,63","-0,04","-0,52","28,02","-0,14","-1,83"
542,2019,3,Neuquén,"12,23","41,09","12,22","-0,01","-0,08","41,06","-0,03","-0,25"
543,2019,3,Río Negro,"12,74","41,41","12,53","-0,21","-1,65","40,72","-0,69","-5,42"
544,2019,3,Salta,"8,07","33,31","8,0","-0,07","-0,87","33,03","-0,28","-3,47"
545,2019,3,San Juan,"10,65","41,81","10,58","-0,07","-0,66","41,53","-0,28","-2,63"
546,2019,3,San Luis,"7,81","27,28","7,64","-0,17","-2,18","26,69","-0,59","-7,55"
547,2019,3,Santa Cruz,"8,94","30,05","8,61","-0,33","-3,69","28,93","-1,12","-12,53"
548,2019,3,Santa Fe,"18,44","58,65","18,62","0,18","0,98","59,21","0,56","3,04"
549,2019,3,Santiago del Estero,"7,15","28,82","7,17","0,02","0,28","28,91","0,09","1,26"
550,2019,3,Tierra del Fuego,"14,8","49,92","14,48","-0,32","-2,16","48,87","-1,05","-7,09"
551,2019,3,Tucumán,"11,46","46,26","11,35","-0,11","-0,96","45,85","-0,41","-3,58"
552,2019,4,Buenos Aires,"19,21","58,41","19,02","-0,19","-0,99","57,7","-0,71","-3,7"
553,2019,4,Capital Federal,"48,12","115,69","48,31","0,19","0,39","116,3","0,61","1,27"
554,2019,4,Catamarca,"7,53","29,59","7,32","-0,21","-2,79","28,79","-0,8","-10,62"
555,2019,4,Chaco,"7,26","27,16","7,14","-0,12","-1,65","26,71","-0,45","-6,2"
556,2019,4,Chubut,"13,34","43,53","13,04","-0,3","-2,25","42,53","-1,0","-7,5"
557,2019,4,Córdoba,"15,96","52,13","15,63","-0,33","-2,07","51,03","-1,1","-6,89"
558,2019,4,Corrientes,"8,07","30,64","8,0","-0,07","-0,87","30,38","-0,26","-3,22"
559,2019,4,Entre Ríos,"13,89","46,46","13,79","-0,1","-0,72","46,12","-0,34","-2,45"
560,2019,4,Formosa,"5,86","23,04","5,84","-0,02","-0,34","22,95","-0,09","-1,54"
561,2019,4,Jujuy,"6,46","25,25","6,38","-0,08","-1,24","24,92","-0,33","-5,11"
562,2019,4,La Pampa,"20,0","60,7","20,19","0,19","0,95","61,26","0,56","2,8"
563,2019,4,La Rioja,"7,26","27,27","7,05","-0,21","-2,89","26,48","-0,79","-10,88"
564,2019,4,Mendoza,"11,05","39,6","10,83","-0,22","-1,99","38,83","-0,77","-6,97"
565,2019,4,Misiones,"7,48","27,47","7,37","-0,11","-1,47","27,07","-0,4","-5,35"
566,2019,4,Neuquén,"11,98","40,25","11,95","-0,03","-0,25","40,16","-0,09","-0,75"
567,2019,4,Río Negro,"12,28","39,92","12,1","-0,18","-1,47","39,32","-0,6","-4,89"
568,2019,4,Salta,"7,84","32,38","7,73","-0,11","-1,4","31,92","-0,46","-5,87"
569,2019,4,San Juan,"10,37","40,72","10,28","-0,09","-0,87","40,38","-0,34","-3,28"
570,2019,4,San Luis,"7,49","26,17","7,32","-0,17","-2,27","25,58","-0,59","-7,88"
571,2019,4,Santa Cruz,"8,44","28,36","8,26","-0,18","-2,13","27,75","-0,61","-7,23"
572,2019,4,Santa Fe,"18,25","58,05","18,06","-0,19","-1,04","57,44","-0,61","-3,34"
573,2019,4,Santiago del Estero,"7,03","28,34","7,04","0,01","0,14","28,35","0,01","0,14"
574,2019,4,Tierra del Fuego,"14,2","47,91","13,96","-0,24","-1,69","47,1","-0,81","-5,7"
575,2019,4,Tucumán,"11,13","44,95","11,03","-0,1","-0,9","44,5","-0,45","-4,04"
576,2020,1,Buenos Aires,"18,65","56,57","14,47","-4,18","-22,41","43,8","-12,77","-68,47"
577,2020,1,Capital Federal,"47,36","114,02","31,51","-15,85","-33,47","75,93","-38,09","-80,43"
578,2020,1,Catamarca,"7,18","28,23","8,36","1,18","16,43","32,9","4,67","65,04"
579,2020,1,Chaco,"7,0","26,19","7,1","0,1","1,43","26,55","0,36","5,14"
580,2020,1,Chubut,"12,78","41,7","12,66","-0,12","-0,94","41,31","-0,39","-3,05"
581,2020,1,Córdoba,"15,32","50,03","15,13","-0,19","-1,24","49,41","-0,62","-4,05"
582,2020,1,Corrientes,"7,84","29,78","7,95","0,11","1,4","30,16","0,38","4,85"
583,2020,1,Entre Ríos,"13,52","45,22","13,5","-0,02","-0,15","45,17","-0,05","-0,37"
584,2020,1,Formosa,"5,73","22,5","5,93","0,2","3,49","23,3","0,8","13,96"
585,2020,1,Jujuy,"6,25","24,43","7,36","1,11","17,76","28,8","4,37","69,92"
586,2020,1,La Pampa,"19,79","60,06","20,1","0,31","1,57","61,03","0,97","4,9"
587,2020,1,La Rioja,"6,91","25,96","7,66","0,75","10,85","28,76","2,8","40,52"
588,2020,1,Mendoza,"10,62","38,07","10,46","-0,16","-1,51","37,46","-0,61","-5,74"
589,2020,1,Misiones,"7,23","26,54","7,15","-0,08","-1,11","26,24","-0,3","-4,15"
590,2020,1,Neuquén,"11,72","39,37","11,7","-0,02","-0,17","39,29","-0,08","-0,68"
591,2020,1,Río Negro,"11,86","38,55","12,04","0,18","1,52","39,14","0,59","4,97"
592,2020,1,Salta,"7,58","31,29","7,53","-0,05","-0,66","31,1","-0,19","-2,51"
593,2020,1,San Juan,"10,08","39,59","10,09","0,01","0,1","39,6","0,01","0,1"
594,2020,1,San Luis,"7,18","25,08","7,1","-0,08","-1,11","24,83","-0,25","-3,48"
595,2020,1,Santa Cruz,"8,1","27,21","7,87","-0,23","-2,84","26,45","-0,76","-9,38"
596,2020,1,Santa Fe,"17,71","56,31","17,68","-0,03","-0,17","56,2","-0,11","-0,62"
597,2020,1,Santiago del Estero,"6,9","27,79","6,98","0,08","1,16","28,12","0,33","4,78"
598,2020,1,Tierra del Fuego,"13,69","46,18","13,45","-0,24","-1,75","45,39","-0,79","-5,77"
599,2020,1,Tucumán,"10,81","43,63","11,02","0,21","1,94","44,47","0,84","7,77"
600,2020,2,Buenos Aires,"14,19","42,94","18,77","4,58","32,28","56,67","13,73","96,76"
601,2020,2,Capital Federal,"30,89","74,44","47,51","16,62","53,8","114,66","40,22","130,2"
602,2020,2,Catamarca,"8,2","32,25","8,24","0,04","0,49","32,38","0,13","1,59"
603,2020,2,Chaco,"6,96","26,03","6,98","0,02","0,29","26,11","0,08","1,15"
604,2020,2,Chubut,"12,41","40,5","11,98","-0,43","-3,46","39,11","-1,39","-11,2"
605,2020,2,Córdoba,"14,83","48,44","14,88","0,05","0,34","48,59","0,15","1,01"
606,2020,2,Corrientes,"7,79","29,57","7,84","0,05","0,64","29,8","0,23","2,95"
607,2020,2,Entre Ríos,"13,24","44,28","13,32","0,08","0,6","44,56","0,28","2,11"
608,2020,2,Formosa,"5,81","22,84","5,86","0,05","0,86","23,05","0,21","3,61"
609,2020,2,Jujuy,"7,22","28,24","6,12","-1,1","-15,24","23,93","-4,31","-59,7"
610,2020,2,La Pampa,"19,71","59,83","20,04","0,33","1,67","60,84","1,01","5,12"
611,2020,2,La Rioja,"7,51","28,2","7,61","0,1","1,33","28,57","0,37","4,93"
612,2020,2,Mendoza,"10,25","36,73","10,05","-0,2","-1,95","36,01","-0,72","-7,02"
613,2020,2,Misiones,"7,01","25,73","7,17","0,16","2,28","26,35","0,62","8,84"
614,2020,2,Neuquén,"11,47","38,52","11,41","-0,06","-0,52","38,35","-0,17","-1,48"
615,2020,2,Río Negro,"11,8","38,37","11,61","-0,19","-1,61","37,73","-0,64","-5,42"
616,2020,2,Salta,"7,38","30,49","7,37","-0,01","-0,14","30,44","-0,05","-0,68"
617,2020,2,San Juan,"9,89","38,82","9,75","-0,14","-1,42","38,29","-0,53","-5,36"
618,2020,2,San Luis,"6,96","24,34","6,9","-0,06","-0,86","24,09","-0,25","-3,59"
619,2020,2,Santa Cruz,"7,72","25,93","7,58","-0,14","-1,81","25,47","-0,46","-5,96"
620,2020,2,Santa Fe,"17,33","55,1","17,98","0,65","3,75","57,2","2,1","12,12"
621,2020,2,Santiago del Estero,"6,84","27,57","6,91","0,07","1,02","27,83","0,26","3,8"
622,2020,2,Tierra del Fuego,"13,19","44,5","12,64","-0,55","-4,17","42,63","-1,87","-14,18"
623,2020,2,Tucumán,"10,8","43,6","10,93","0,13","1,2","44,13","0,53","4,91"
624,2020,3,Buenos Aires,"18,4","55,56","18,72","0,32","1,74","56,39","0,83","4,51"
625,2020,3,Capital Federal,"46,58","112,41","47,21","0,63","1,35","114,03","1,62","3,48"
626,2020,3,Catamarca,"8,08","31,75","8,2","0,12","1,49","32,24","0,49","6,06"
627,2020,3,Chaco,"6,84","25,6","6,84","0,0","0,0","25,59","-0,01","-0,15"
628,2020,3,Chubut,"11,75","38,34","11,95","0,2","1,7","38,98","0,64","5,45"
629,2020,3,Córdoba,"14,59","47,64","14,45","-0,14","-0,96","47,21","-0,43","-2,95"
630,2020,3,Corrientes,"7,69","29,22","7,74","0,05","0,65","29,39","0,17","2,21"
631,2020,3,Entre Ríos,"13,06","43,69","13,13","0,07","0,54","43,89","0,2","1,53"
632,2020,3,Formosa,"5,75","22,6","5,72","-0,03","-0,52","22,48","-0,12","-2,09"
633,2020,3,Jujuy,"6,0","23,46","6,02","0,02","0,33","23,53","0,07","1,17"
634,2020,3,La Pampa,"19,65","59,65","20,03","0,38","1,93","60,79","1,14","5,8"
635,2020,3,La Rioja,"7,46","28,01","7,56","0,1","1,34","28,38","0,37","4,96"
636,2020,3,Mendoza,"9,85","35,3","10,03","0,18","1,83","35,91","0,61","6,19"
637,2020,3,Misiones,"7,03","25,83","6,91","-0,12","-1,71","25,35","-0,48","-6,83"
638,2020,3,Neuquén,"11,19","37,6","11,39","0,2","1,79","38,27","0,67","5,99"
639,2020,3,Río Negro,"11,38","36,99","11,48","0,1","0,88","37,29","0,3","2,64"
640,2020,3,Salta,"7,23","29,84","7,24","0,01","0,14","29,89","0,05","0,69"
641,2020,3,San Juan,"9,56","37,54","9,73","0,17","1,78","38,19","0,65","6,8"
642,2020,3,San Luis,"6,76","23,62","6,87","0,11","1,63","24,02","0,4","5,92"
643,2020,3,Santa Cruz,"7,43","24,97","7,52","0,09","1,21","25,28","0,31","4,17"
644,2020,3,Santa Fe,"17,63","56,08","17,03","-0,6","-3,4","54,16","-1,92","-10,89"
645,2020,3,Santiago del Estero,"6,77","27,28","6,88","0,11","1,62","27,75","0,47","6,94"
646,2020,3,Tierra del Fuego,"12,39","41,79","12,56","0,17","1,37","42,36","0,57","4,6"
647,2020,3,Tucumán,"10,72","43,26","10,86","0,14","1,31","43,85","0,59","5,5"
648,2020,4,Buenos Aires,"18,35","55,28","18,69","0,34","1,85","56,69","1,41","7,68"
649,2020,4,Capital Federal,"46,28","111,79","46,3","0,02","0,04","111,47","-0,32","-0,69"
650,2020,4,Catamarca,"8,04","31,61","6,55","-1,49","-18,53","25,74","-5,87","-73,01"
651,2020,4,Chaco,"6,71","25,09","6,45","-0,26","-3,87","24,1","-0,99","-14,75"
652,2020,4,Chubut,"11,72","38,22","12,11","0,39","3,33","39,49","1,27","10,84"
653,2020,4,Córdoba,"14,17","46,28","14,26","0,09","0,64","46,56","0,28","1,98"
654,2020,4,Corrientes,"7,59","28,81","7,2","-0,39","-5,14","27,33","-1,48","-19,5"
655,2020,4,Entre Ríos,"12,87","43,03","12,43","-0,44","-3,42","41,59","-1,44","-11,19"
656,2020,4,Formosa,"5,61","22,04","5,28","-0,33","-5,88","20,76","-1,28","-22,82"
657,2020,4,Jujuy,"5,9","23,07","5,7","-0,2","-3,39","22,31","-0,76","-12,88"
658,2020,4,La Pampa,"19,64","59,6","20,31","0,67","3,41","61,63","2,03","10,34"
659,2020,4,La Rioja,"7,41","27,82","6,31","-1,1","-14,84","23,72","-4,1","-55,33"
660,2020,4,Mendoza,"9,83","35,21","10,1","0,27","2,75","36,18","0,97","9,87"
661,2020,4,Misiones,"6,77","24,85","6,66","-0,11","-1,62","24,46","-0,39","-5,76"
662,2020,4,Neuquén,"11,17","37,52","11,48","0,31","2,78","38,56","1,04","9,31"
663,2020,4,Río Negro,"11,25","36,56","11,32","0,07","0,62","36,82","0,26","2,31"
664,2020,4,Salta,"7,1","29,3","6,92","-0,18","-2,54","28,57","-0,73","-10,28"
665,2020,4,San Juan,"9,54","37,44","9,8","0,26","2,73","38,49","1,05","11,01"
666,2020,4,San Luis,"6,74","23,55","6,94","0,2","2,97","24,25","0,7","10,39"
667,2020,4,Santa Cruz,"7,37","24,78","7,58","0,21","2,85","25,45","0,67","9,09"
668,2020,4,Santa Fe,"16,7","53,1","16,48","-0,22","-1,32","52,43","-0,67","-4,01"
669,2020,4,Santiago del Estero,"6,75","27,21","6,51","-0,24","-3,56","26,2","-1,01","-14,96"
670,2020,4,Tierra del Fuego,"12,31","41,53","12,79","0,48","3,9","43,15","1,62","13,16"
671,2020,4,Tucumán,"10,65","42,99","9,86","-0,79","-7,42","39,81","-3,18","-29,86"
672,2021,1,Buenos Aires,"18,32","55,58","13,92","-4,4","-24,02","42,14","-13,44","-73,36"
673,2021,1,Capital Federal,"45,39","109,28","28,22","-17,17","-37,83","68,01","-41,27","-90,92"
674,2021,1,Catamarca,"6,42","25,24","6,57","0,15","2,34","25,85","0,61","9,5"
675,2021,1,Chaco,"6,32","23,63","6,43","0,11","1,74","24,03","0,4","6,33"
676,2021,1,Chubut,"11,87","38,72","12,06","0,19","1,6","39,34","0,62","5,22"
677,2021,1,Córdoba,"13,98","45,65","13,58","-0,4","-2,86","44,36","-1,29","-9,23"
678,2021,1,Corrientes,"7,06","26,79","7,33","0,27","3,82","27,85","1,06","15,01"
679,2021,1,Entre Ríos,"12,19","40,77","12,41","0,22","1,8","41,51","0,74","6,07"
680,2021,1,Formosa,"5,18","20,35","5,42","0,24","4,63","21,28","0,93","17,95"
681,2021,1,Jujuy,"5,59","21,87","4,87","-0,72","-12,88","19,04","-2,83","-50,63"
682,2021,1,La Pampa,"19,91","60,42","20,31","0,4","2,01","61,63","1,21","6,08"
683,2021,1,La Rioja,"6,19","23,25","5,8","-0,39","-6,3","21,8","-1,45","-23,42"
684,2021,1,Mendoza,"9,9","35,47","10,06","0,16","1,62","36,04","0,57","5,76"
685,2021,1,Misiones,"6,53","23,98","6,58","0,05","0,77","24,14","0,16","2,45"
686,2021,1,Neuquén,"11,25","37,8","11,42","0,17","1,51","38,38","0,58","5,16"
687,2021,1,Río Negro,"11,1","36,1","11,49","0,39","3,51","37,33","1,23","11,08"
688,2021,1,Salta,"6,78","28,01","6,9","0,12","1,77","28,48","0,47","6,93"
689,2021,1,San Juan,"9,61","37,74","9,78","0,17","1,77","38,39","0,65","6,76"
690,2021,1,San Luis,"6,8","23,77","6,92","0,12","1,76","24,16","0,39","5,74"
691,2021,1,Santa Cruz,"7,43","24,95","7,54","0,11","1,48","25,34","0,39","5,25"
692,2021,1,Santa Fe,"16,16","51,4","16,02","-0,14","-0,87","50,96","-0,44","-2,72"
693,2021,1,Santiago del Estero,"6,38","25,69","6,14","-0,24","-3,76","24,75","-0,94","-14,73"
694,2021,1,Tierra del Fuego,"12,54","42,3","12,71","0,17","1,36","42,88","0,58","4,63"
695,2021,1,Tucumán,"9,67","39,03","8,44","-1,23","-12,72","34,04","-4,99","-51,6"
696,2021,2,Buenos Aires,"13,65","41,31","18,37","4,72","34,58","55,47","14,16","103,74"
697,2021,2,Capital Federal,"27,67","66,68","45,34","17,67","63,86","109,42","42,74","154,46"
698,2021,2,Catamarca,"6,44","25,34","6,05","-0,39","-6,06","23,79","-1,55","-24,07"
699,2021,2,Chaco,"6,3","23,56","6,23","-0,07","-1,11","23,34","-0,22","-3,49"
700,2021,2,Chubut,"11,82","38,57","12,01","0,19","1,61","39,18","0,61","5,16"
701,2021,2,Córdoba,"13,31","43,49","13,11","-0,2","-1,5","42,81","-0,68","-5,11"
702,2021,2,Corrientes,"7,19","27,3","7,09","-0,1","-1,39","26,94","-0,36","-5,01"
703,2021,2,Entre Ríos,"12,17","40,7","12,06","-0,11","-0,9","40,31","-0,39","-3,2"
704,2021,2,Formosa,"5,31","20,86","5,13","-0,18","-3,39","20,16","-0,7","-13,18"
705,2021,2,Jujuy,"4,77","18,67","4,64","-0,13","-2,73","18,16","-0,51","-10,69"
706,2021,2,La Pampa,"19,91","60,42","20,38","0,47","2,36","61,86","1,44","7,23"
707,2021,2,La Rioja,"5,69","21,37","5,59","-0,1","-1,76","21,0","-0,37","-6,5"
708,2021,2,Mendoza,"9,86","35,33","10,03","0,17","1,72","35,93","0,6","6,09"
709,2021,2,Misiones,"6,45","23,67","6,36","-0,09","-1,4","23,38","-0,29","-4,5"
710,2021,2,Neuquén,"11,2","37,63","11,37","0,17","1,52","38,21","0,58","5,18"
711,2021,2,Río Negro,"11,26","36,6","11,4","0,14","1,24","37,06","0,46","4,09"
712,2021,2,Salta,"6,76","27,92","6,7","-0,06","-0,89","27,68","-0,24","-3,55"
713,2021,2,San Juan,"9,59","37,64","9,75","0,16","1,67","38,29","0,65","6,78"
714,2021,2,San Luis,"6,78","23,69","6,9","0,12","1,77","24,09","0,4","5,9"
715,2021,2,Santa Cruz,"7,39","24,84","7,49","0,1","1,35","25,17","0,33","4,47"
716,2021,2,Santa Fe,"15,71","49,96","15,56","-0,15","-0,95","49,45","-0,51","-3,25"
717,2021,2,Santiago del Estero,"6,02","24,26","5,97","-0,05","-0,83","24,06","-0,2","-3,32"
718,2021,2,Tierra del Fuego,"12,46","42,04","12,64","0,18","1,44","42,63","0,59","4,74"
719,2021,2,Tucumán,"8,27","33,37","8,0","-0,27","-3,26","32,27","-1,1","-13,3"
720,2021,3,Buenos Aires,"18,01","54,38","19,19","1,18","6,55","57,8","3,42","18,99"
721,2021,3,Capital Federal,"44,45","107,27","47,71","3,26","7,33","115,25","7,98","17,95"
722,2021,3,Catamarca,"5,93","23,32","7,25","1,32","22,26","28,5","5,18","87,35"
723,2021,3,Chaco,"6,11","22,88","7,66","1,55","25,37","28,66","5,78","94,6"
724,2021,3,Chubut,"11,77","38,41","11,16","-0,61","-5,18","36,42","-1,99","-16,91"
725,2021,3,Córdoba,"12,85","41,97","15,77","2,92","22,72","51,5","9,53","74,16"
726,2021,3,Corrientes,"6,95","26,41","8,88","1,93","27,77","33,74","7,33","105,47"
727,2021,3,Entre Ríos,"11,82","39,52","15,22","3,4","28,76","50,89","11,37","96,19"
728,2021,3,Formosa,"5,03","19,76","6,12","1,09","21,67","24,03","4,27","84,89"
729,2021,3,Jujuy,"4,55","17,8","5,83","1,28","28,13","22,8","5,0","109,89"
730,2021,3,La Pampa,"19,98","60,65","20,35","0,37","1,85","61,76","1,11","5,56"
731,2021,3,La Rioja,"5,48","20,59","6,9","1,42","25,91","25,92","5,33","97,26"
732,2021,3,Mendoza,"9,83","35,23","10,43","0,6","6,1","37,4","2,17","22,08"
733,2021,3,Misiones,"6,24","22,92","7,94","1,7","27,24","29,15","6,23","99,84"
734,2021,3,Neuquén,"11,15","37,46","11,1","-0,05","-0,45","37,28","-0,18","-1,61"
735,2021,3,Río Negro,"11,18","36,33","11,71","0,53","4,74","38,08","1,75","15,65"
736,2021,3,Salta,"6,57","27,14","8,57","2,0","30,44","35,38","8,24","125,42"
737,2021,3,San Juan,"9,56","37,54","8,66","-0,9","-9,41","34,01","-3,53","-36,92"
738,2021,3,San Luis,"6,76","23,62","6,59","-0,17","-2,51","23,03","-0,59","-8,73"
739,2021,3,Santa Cruz,"7,34","24,68","7,66","0,32","4,36","25,73","1,05","14,31"
740,2021,3,Santa Fe,"15,25","48,48","18,86","3,61","23,67","59,97","11,49","75,34"
741,2021,3,Santiago del Estero,"5,85","23,59","6,92","1,07","18,29","27,89","4,3","73,5"
742,2021,3,Tierra del Fuego,"12,39","41,79","11,03","-1,36","-10,98","37,19","-4,6","-37,13"
743,2021,3,Tucumán,"7,84","31,64","9,92","2,08","26,53","40,07","8,43","107,53"
744,2021,4,Buenos Aires,"18,81","56,67","19,46","0,65","3,46","59,02","2,35","12,49"
745,2021,4,Capital Federal,"46,77","112,99","50,03","3,26","6,97","120,44","7,45","15,93"
746,2021,4,Catamarca,"7,11","27,94","7,43","0,32","4,5","29,2","1,26","17,72"
747,2021,4,Chaco,"7,51","28,1","7,21","-0,3","-3,99","26,97","-1,13","-15,05"
748,2021,4,Chubut,"10,94","35,71","12,03","1,09","9,96","39,25","3,54","32,36"
749,2021,4,Córdoba,"15,46","50,49","15,78","0,32","2,07","51,53","1,04","6,73"
750,2021,4,Corrientes,"8,71","33,08","8,12","-0,59","-6,77","30,83","-2,25","-25,83"
751,2021,4,Entre Ríos,"14,92","49,89","14,0","-0,92","-6,17","46,83","-3,06","-20,51"
752,2021,4,Formosa,"6,0","23,56","5,71","-0,29","-4,83","22,46","-1,1","-18,33"
753,2021,4,Jujuy,"5,72","22,35","6,47","0,75","13,11","25,3","2,95","51,57"
754,2021,4,La Pampa,"19,95","60,55","20,63","0,68","3,41","62,63","2,08","10,43"
755,2021,4,La Rioja,"6,76","25,41","7,16","0,4","5,92","26,9","1,49","22,04"
756,2021,4,Mendoza,"10,23","36,67","10,09","-0,14","-1,37","36,15","-0,52","-5,08"
757,2021,4,Misiones,"7,78","28,58","7,42","-0,36","-4,63","27,21","-1,37","-17,61"
758,2021,4,Neuquén,"10,88","36,55","11,43","0,55","5,06","38,41","1,86","17,1"
759,2021,4,Río Negro,"11,48","37,33","11,38","-0,1","-0,87","37,01","-0,32","-2,79"
760,2021,4,Salta,"8,4","34,69","7,84","-0,56","-6,67","32,4","-2,29","-27,26"
761,2021,4,San Juan,"8,49","33,34","9,8","1,31","15,43","38,46","5,12","60,31"
762,2021,4,San Luis,"6,46","22,58","6,94","0,48","7,43","24,21","1,63","25,23"
763,2021,4,Santa Cruz,"7,51","25,23","7,58","0,07","0,93","25,48","0,25","3,33"
764,2021,4,Santa Fe,"18,49","58,79","18,19","-0,3","-1,62","57,84","-0,95","-5,14"
765,2021,4,Santiago del Estero,"6,78","27,34","7,07","0,29","4,28","28,47","1,13","16,67"
766,2021,4,Tierra del Fuego,"10,81","36,46","12,79","1,98","18,32","43,15","6,69","61,89"
767,2021,4,Tucumán,"9,73","39,28","11,18","1,45","14,9","45,14","5,86","60,23"
768,2022,1,Buenos Aires,"19,08","57,86","15,17","-3,91","-20,49","45,89","-11,97","-62,74"
769,2022,1,Capital Federal,"49,05","118,08","37,1","-11,95","-24,36","89,41","-28,67","-58,45"
770,2022,1,Catamarca,"7,28","28,63","6,67","-0,61","-8,38","26,23","-2,4","-32,97"
771,2022,1,Chaco,"7,07","26,44","5,78","-1,29","-18,25","21,63","-4,81","-68,03"
772,2022,1,Chubut,"11,79","38,48","12,07","0,28","2,37","39,37","0,89","7,55"
773,2022,1,Córdoba,"15,47","50,52","13,26","-2,21","-14,29","43,3","-7,22","-46,67"
774,2022,1,Corrientes,"7,96","30,23","8,28","0,32","4,02","31,44","1,21","15,2"
775,2022,1,Entre Ríos,"13,73","45,91","11,92","-1,81","-13,18","39,88","-6,03","-43,92"
776,2022,1,Formosa,"5,6","22,02","5,92","0,32","5,71","23,26","1,24","22,14"
777,2022,1,Jujuy,"6,34","24,8","4,99","-1,35","-21,29","19,49","-5,31","-83,75"
778,2022,1,La Pampa,"20,23","61,4","20,72","0,49","2,42","62,86","1,46","7,22"
779,2022,1,La Rioja,"7,02","26,37","6,85","-0,17","-2,42","25,73","-0,64","-9,12"
780,2022,1,Mendoza,"9,89","35,44","10,08","0,19","1,92","36,1","0,66","6,67"
781,2022,1,Misiones,"7,27","26,68","6,2","-1,07","-14,72","22,76","-3,92","-53,92"
782,2022,1,Neuquén,"11,21","37,66","12,03","0,82","7,31","40,39","2,73","24,35"
783,2022,1,Río Negro,"11,16","36,28","11,29","0,13","1,16","36,7","0,42","3,76"
784,2022,1,Salta,"7,69","31,76","6,47","-1,22","-15,86","26,68","-5,08","-66,06"
785,2022,1,San Juan,"9,61","37,71","9,78","0,17","1,77","38,39","0,68","7,08"
786,2022,1,San Luis,"6,8","23,74","6,92","0,12","1,76","24,16","0,42","6,18"
787,2022,1,Santa Cruz,"7,43","24,98","7,54","0,11","1,48","25,32","0,34","4,58"
788,2022,1,Santa Fe,"17,83","56,71","14,77","-3,06","-17,16","46,98","-9,73","-54,57"
789,2022,1,Santiago del Estero,"6,93","27,91","6,57","-0,36","-5,19","26,46","-1,45","-20,92"
790,2022,1,Tierra del Fuego,"12,54","42,3","12,71","0,17","1,36","42,88","0,58","4,63"
791,2022,1,Tucumán,"10,96","44,25","10,19","-0,77","-7,03","41,15","-3,1","-28,28"
792,2022,2,Buenos Aires,"14,87","44,99","19,87","5,0","33,62","59,99","15,0","100,87"
793,2022,2,Capital Federal,"36,37","87,66","55,57","19,2","52,79","134,09","46,43","127,66"
794,2022,2,Catamarca,"6,54","25,72","6,29","-0,25","-3,82","24,75","-0,97","-14,83"
795,2022,2,Chaco,"5,67","21,21","5,55","-0,12","-2,12","20,77","-0,44","-7,76"
796,2022,2,Chubut,"11,83","38,6","11,88","0,05","0,42","38,77","0,17","1,44"
797,2022,2,Córdoba,"13,0","42,45","12,81","-0,19","-1,46","41,85","-0,6","-4,62"
798,2022,2,Corrientes,"8,12","30,82","8,19","0,07","0,86","31,09","0,27","3,33"
799,2022,2,Entre Ríos,"11,69","39,1","11,57","-0,12","-1,03","38,68","-0,42","-3,59"
800,2022,2,Formosa,"5,8","22,8","5,94","0,14","2,41","23,32","0,52","8,97"
801,2022,2,Jujuy,"4,89","19,11","4,77","-0,12","-2,45","18,68","-0,43","-8,79"
802,2022,2,La Pampa,"20,31","61,63","19,9","-0,41","-2,02","60,41","-1,22","-6,01"
803,2022,2,La Rioja,"6,72","25,23","6,61","-0,11","-1,64","24,82","-0,41","-6,1"
804,2022,2,Mendoza,"9,88","35,39","10,08","0,2","2,02","36,12","0,73","7,39"
805,2022,2,Misiones,"6,08","22,31","6,18","0,1","1,64","22,71","0,4","6,58"
806,2022,2,Neuquén,"11,79","39,6","12,32","0,53","4,5","41,4","1,8","15,27"
807,2022,2,Río Negro,"11,07","35,98","10,41","-0,66","-5,96","33,85","-2,13","-19,24"
808,2022,2,Salta,"6,34","26,16","6,29","-0,05","-0,79","25,98","-0,18","-2,84"
809,2022,2,San Juan,"9,59","37,64","9,75","0,16","1,67","38,29","0,65","6,78"
810,2022,2,San Luis,"6,78","23,69","6,9","0,12","1,77","24,09","0,4","5,9"
811,2022,2,Santa Cruz,"7,39","24,82","5,3","-2,09","-28,28","17,81","-7,01","-94,86"
812,2022,2,Santa Fe,"14,48","46,06","13,85","-0,63","-4,35","44,05","-2,01","-13,88"
813,2022,2,Santiago del Estero,"6,44","25,94","6,53","0,09","1,4","26,32","0,38","5,9"
814,2022,2,Tierra del Fuego,"12,46","42,04","12,64","0,18","1,44","42,63","0,59","4,74"
815,2022,2,Tucumán,"9,99","40,34","9,86","-0,13","-1,3","39,81","-0,53","-5,31"
816,2022,3,Buenos Aires,"19,48","58,81","19,48","0,0","0,0","58,81","0,0","0,0"
817,2022,3,Capital Federal,"54,48","131,46","54,48","0,0","0,0","131,46","0,0","0,0"
818,2022,3,Catamarca,"6,17","24,26","6,17","0,0","0,0","24,26","0,0","0,0"
819,2022,3,Chaco,"5,44","20,36","5,44","0,0","0,0","20,36","0,0","0,0"
820,2022,3,Chubut,"11,65","38,01","11,65","0,0","0,0","38,01","0,0","0,0"
821,2022,3,Córdoba,"12,56","41,03","12,56","0,0","0,0","41,03","0,0","0,0"
822,2022,3,Corrientes,"8,03","30,48","8,03","0,0","0,0","30,48","0,0","0,0"
823,2022,3,Entre Ríos,"11,34","37,92","11,34","0,0","0,0","37,92","0,0","0,0"
824,2022,3,Formosa,"5,82","22,86","5,82","0,0","0,0","22,86","0,0","0,0"
825,2022,3,Jujuy,"4,68","18,31","4,68","0,0","0,0","18,31","0,0","0,0"
826,2022,3,La Pampa,"19,51","59,23","19,51","0,0","0,0","59,23","0,0","0,0"
827,2022,3,La Rioja,"6,48","24,33","6,48","0,0","0,0","24,33","0,0","0,0"
828,2022,3,Mendoza,"9,88","35,41","9,88","0,0","0,0","35,41","0,0","0,0"
829,2022,3,Misiones,"6,06","22,26","6,06","0,0","0,0","22,26","0,0","0,0"
830,2022,3,Neuquén,"12,08","40,59","12,08","0,0","0,0","40,59","0,0","0,0"
831,2022,3,Río Negro,"10,21","33,19","10,21","0,0","0,0","33,19","0,0","0,0"
832,2022,3,Salta,"6,17","25,47","6,17","0,0","0,0","25,47","0,0","0,0"
833,2022,3,San Juan,"9,56","37,54","9,56","0,0","0,0","37,54","0,0","0,0"
834,2022,3,San Luis,"6,76","23,62","6,76","0,0","0,0","23,62","0,0","0,0"
835,2022,3,Santa Cruz,"5,2","17,46","5,2","0,0","0,0","17,46","0,0","0,0"
836,2022,3,Santa Fe,"13,58","43,19","13,58","0,0","0,0","43,19","0,0","0,0"
837,2022,3,Santiago del Estero,"6,4","25,8","6,4","0,0","0,0","25,8","0,0","0,0"
838,2022,3,Tierra del Fuego,"12,39","41,79","12,39","0,0","0,0","41,79","0,0","0,0"
839,2022,3,Tucumán,"9,67","39,03","9,67","0,0","0,0","39,03","0,0","0,0"
