Año,Trimestre,Provincia,Accesos por cada 100 hogares,Accesos por cada 100 hogares trimestre anterior + 2%,Diferencia,Porcentaje de diferencia
2022,3,Buenos Aires,"78,11","79,13","1,02","1,31"
2022,3,Capital Federal,"122,28","123,74","1,46","1,19"
2022,3,Catamarca,"65,33","63,65","-1,68","-2,57"
2022,3,Chaco,"43,86","44,67","0,81","1,85"
2022,3,Chubut,"84,38","84,85","0,47","0,56"
2022,3,Córdoba,"88,31","89,23","0,92","1,04"
2022,3,Corrientes,"48,21","49,32","1,11","2,3"
2022,3,Entre Ríos,"63,67","65,18","1,51","2,37"
2022,3,Formosa,"43,76","44,29","0,53","1,21"
2022,3,Jujuy,"58,91","58,47","-0,44","-0,75"
2022,3,La Pampa,"96,59","94,84","-1,75","-1,81"
2022,3,La Rioja,"80,66","81,74","1,08","1,34"
2022,3,Mendoza,"51,03","50,38","-0,65","-1,27"
2022,3,Misiones,"51,82","52,02","0,2","0,39"
2022,3,Neuquén,"80,37","81,62","1,25","1,56"
2022,3,Río Negro,"67,98","69,21","1,23","1,81"
2022,3,Salta,"57,76","58,69","0,93","1,61"
2022,3,San Juan,"50,8","50,45","-0,35","-0,69"
2022,3,San Luis,"81,74","83,4","1,66","2,03"
2022,3,Santa Cruz,"43,19","44,01","0,82","1,9"
2022,3,Santa Fe,"78,55","79,46","0,91","1,16"
2022,3,Santiago Del Estero,"47,98","48,65","0,67","1,4"
2022,3,Tierra Del Fuego,"99,51","101,86","2,35","2,36"
2022,3,Tucumán,"61,14","60,5","-0,64","-1,05"
2022,2,Buenos Aires,"77,58","77,6","0,02","0,03"
2022,2,Capital Federal,"121,31","114,04","-7,27","-5,99"
2022,2,Catamarca,"62,4","59,37","-3,03","-4,86"
2022,2,Chaco,"43,79","44,94","1,15","2,63"
2022,2,Chubut,"83,19","89,81","6,62","7,96"
2022,2,Córdoba,"87,48","87,48","0,0","0,0"
2022,2,Corrientes,"48,35","48,59","0,24","0,5"
2022,2,Entre Ríos,"63,9","64,97","1,07","1,67"
2022,2,Formosa,"43,42","35,66","-7,76","-17,87"
2022,2,Jujuy,"57,32","59,22","1,9","3,31"
2022,2,La Pampa,"92,98","93,49","0,51","0,55"
2022,2,La Rioja,"80,14","80,35","0,21","0,26"
2022,2,Mendoza,"49,39","49,71","0,32","0,65"
2022,2,Misiones,"51,0","50,02","-0,98","-1,92"
2022,2,Neuquén,"80,02","75,65","-4,37","-5,46"
2022,2,Río Negro,"67,85","68,38","0,53","0,78"
2022,2,Salta,"57,54","57,23","-0,31","-0,54"
2022,2,San Juan,"49,46","44,42","-5,04","-10,19"
2022,2,San Luis,"81,76","82,33","0,57","0,7"
2022,2,Santa Cruz,"43,15","44,21","1,06","2,46"
2022,2,Santa Fe,"77,9","78,85","0,95","1,22"
2022,2,Santiago Del Estero,"47,7","48,11","0,41","0,86"
2022,2,Tierra Del Fuego,"99,86","100,26","0,4","0,4"
2022,2,Tucumán,"59,31","58,54","-0,77","-1,3"
2022,1,Buenos Aires,"76,08","77,17","1,09","1,43"
2022,1,Capital Federal,"111,8","113,5","1,7","1,52"
2022,1,Catamarca,"58,21","56,36","-1,85","-3,18"
2022,1,Chaco,"44,06","44,93","0,87","1,97"
2022,1,Chubut,"88,05","84,22","-3,83","-4,35"
2022,1,Córdoba,"85,76","86,2","0,44","0,51"
2022,1,Corrientes,"47,64","46,42","-1,22","-2,56"
2022,1,Entre Ríos,"63,7","64,42","0,72","1,13"
2022,1,Formosa,"34,96","35,14","0,18","0,51"
2022,1,Jujuy,"58,06","58,06","0,0","0,0"
2022,1,La Pampa,"91,66","91,36","-0,3","-0,33"
2022,1,La Rioja,"78,77","79,48","0,71","0,9"
2022,1,Mendoza,"48,74","48,46","-0,28","-0,57"
2022,1,Misiones,"49,04","50,04","1,0","2,04"
2022,1,Neuquén,"74,17","74,77","0,6","0,81"
2022,1,Río Negro,"67,04","67,0","-0,04","-0,06"
2022,1,Salta,"56,11","57,95","1,84","3,28"
2022,1,San Juan,"43,55","40,38","-3,17","-7,28"
2022,1,San Luis,"80,72","81,91","1,19","1,47"
2022,1,Santa Cruz,"43,34","43,91","0,57","1,32"
2022,1,Santa Fe,"77,3","78,63","1,33","1,72"
2022,1,Santiago Del Estero,"47,17","47,99","0,82","1,74"
2022,1,Tierra Del Fuego,"98,29","100,37","2,08","2,12"
2022,1,Tucumán,"57,39","57,05","-0,34","-0,59"
2021,4,Buenos Aires,"75,66","73,11","-2,55","-3,37"
2021,4,Capital Federal,"111,27","113,5","2,23","2,0"
2021,4,Catamarca,"55,25","53,76","-1,49","-2,7"
2021,4,Chaco,"44,05","43,82","-0,23","-0,52"
2021,4,Chubut,"82,57","82,32","-0,25","-0,3"
2021,4,Córdoba,"84,51","82,91","-1,6","-1,89"
2021,4,Corrientes,"45,51","45,8","0,29","0,64"
2021,4,Entre Ríos,"63,16","63,42","0,26","0,41"
2021,4,Formosa,"34,45","34,64","0,19","0,55"
2021,4,Jujuy,"56,92","56,8","-0,12","-0,21"
2021,4,La Pampa,"89,57","85,97","-3,6","-4,02"
2021,4,La Rioja,"77,92","78,81","0,89","1,14"
2021,4,Mendoza,"47,51","46,46","-1,05","-2,21"
2021,4,Misiones,"49,06","46,48","-2,58","-5,26"
2021,4,Neuquén,"73,3","71,1","-2,2","-3,0"
2021,4,Río Negro,"65,69","63,21","-2,48","-3,78"
2021,4,Salta,"56,81","57,08","0,27","0,48"
2021,4,San Juan,"39,59","40,25","0,66","1,67"
2021,4,San Luis,"80,3","81,47","1,17","1,46"
2021,4,Santa Cruz,"43,05","44,62","1,57","3,65"
2021,4,Santa Fe,"77,09","76,52","-0,57","-0,74"
2021,4,Santiago Del Estero,"47,05","47,94","0,89","1,89"
2021,4,Tierra Del Fuego,"98,4","96,85","-1,55","-1,58"
2021,4,Tucumán,"55,93","55,73","-0,2","-0,36"
2021,3,Buenos Aires,"71,68","71,4","-0,28","-0,39"
2021,3,Capital Federal,"111,27","112,34","1,07","0,96"
2021,3,Catamarca,"52,71","53,39","0,68","1,29"
2021,3,Chaco,"42,96","44,2","1,24","2,89"
2021,3,Chubut,"80,71","73,74","-6,97","-8,64"
2021,3,Córdoba,"81,28","81,72","0,44","0,54"
2021,3,Corrientes,"44,9","44,41","-0,49","-1,09"
2021,3,Entre Ríos,"62,18","62,89","0,71","1,14"
2021,3,Formosa,"33,96","33,89","-0,07","-0,21"
2021,3,Jujuy,"55,69","57,3","1,61","2,89"
2021,3,La Pampa,"84,28","83,72","-0,56","-0,66"
2021,3,La Rioja,"77,26","78,52","1,26","1,63"
2021,3,Mendoza,"45,55","41,79","-3,76","-8,25"
2021,3,Misiones,"45,57","45,91","0,34","0,75"
2021,3,Neuquén,"69,71","70,52","0,81","1,16"
2021,3,Río Negro,"61,97","63,18","1,21","1,95"
2021,3,Salta,"55,96","56,03","0,07","0,13"
2021,3,San Juan,"39,46","40,07","0,61","1,55"
2021,3,San Luis,"79,87","85,15","5,28","6,61"
2021,3,Santa Cruz,"43,75","44,89","1,14","2,61"
2021,3,Santa Fe,"75,02","76,57","1,55","2,07"
2021,3,Santiago Del Estero,"47,0","47,49","0,49","1,04"
2021,3,Tierra Del Fuego,"94,95","69,25","-25,7","-27,07"
2021,3,Tucumán,"54,64","56,03","1,39","2,54"
2021,2,Buenos Aires,"70,0","70,49","0,49","0,7"
2021,2,Capital Federal,"110,14","110,59","0,45","0,41"
2021,2,Catamarca,"52,34","49,88","-2,46","-4,7"
2021,2,Chaco,"43,33","44,0","0,67","1,55"
2021,2,Chubut,"72,29","70,37","-1,92","-2,66"
2021,2,Córdoba,"80,12","80,16","0,04","0,05"
2021,2,Corrientes,"43,54","43,51","-0,03","-0,07"
2021,2,Entre Ríos,"61,66","61,65","-0,01","-0,02"
2021,2,Formosa,"33,23","33,38","0,15","0,45"
2021,2,Jujuy,"56,18","56,74","0,56","1,0"
2021,2,La Pampa,"82,08","83,42","1,34","1,63"
2021,2,La Rioja,"76,98","50,81","-26,17","-34,0"
2021,2,Mendoza,"40,97","39,93","-1,04","-2,54"
2021,2,Misiones,"45,01","44,03","-0,98","-2,18"
2021,2,Neuquén,"69,14","68,18","-0,96","-1,39"
2021,2,Río Negro,"61,94","62,1","0,16","0,26"
2021,2,Salta,"54,93","55,01","0,08","0,15"
2021,2,San Juan,"39,28","39,84","0,56","1,43"
2021,2,San Luis,"83,48","82,86","-0,62","-0,74"
2021,2,Santa Cruz,"44,01","42,48","-1,53","-3,48"
2021,2,Santa Fe,"75,07","75,4","0,33","0,44"
2021,2,Santiago Del Estero,"46,56","46,58","0,02","0,04"
2021,2,Tierra Del Fuego,"67,89","78,9","11,01","16,22"
2021,2,Tucumán,"54,93","55,92","0,99","1,8"
2021,1,Buenos Aires,"69,11","70,36","1,25","1,81"
2021,1,Capital Federal,"108,42","110,48","2,06","1,9"
2021,1,Catamarca,"48,9","50,4","1,5","3,07"
2021,1,Chaco,"43,14","43,89","0,75","1,74"
2021,1,Chubut,"68,99","69,72","0,73","1,06"
2021,1,Córdoba,"78,59","79,64","1,05","1,34"
2021,1,Corrientes,"42,66","43,28","0,62","1,45"
2021,1,Entre Ríos,"60,44","60,66","0,22","0,36"
2021,1,Formosa,"32,73","33,14","0,41","1,25"
2021,1,Jujuy,"55,63","54,53","-1,1","-1,98"
2021,1,La Pampa,"81,78","83,41","1,63","1,99"
2021,1,La Rioja,"49,81","51,11","1,3","2,61"
2021,1,Mendoza,"39,15","39,4","0,25","0,64"
2021,1,Misiones,"43,17","43,49","0,32","0,74"
2021,1,Neuquén,"66,84","68,34","1,5","2,24"
2021,1,Río Negro,"60,88","62,31","1,43","2,35"
2021,1,Salta,"53,93","55,12","1,19","2,21"
2021,1,San Juan,"39,06","37,05","-2,01","-5,15"
2021,1,San Luis,"81,24","83,31","2,07","2,55"
2021,1,Santa Cruz,"41,65","37,74","-3,91","-9,39"
2021,1,Santa Fe,"73,92","75,05","1,13","1,53"
2021,1,Santiago Del Estero,"45,67","44,62","-1,05","-2,3"
2021,1,Tierra Del Fuego,"77,35","77,8","0,45","0,58"
2021,1,Tucumán,"54,82","55,88","1,06","1,93"
2020,4,Buenos Aires,"68,98","69,01","0,03","0,04"
2020,4,Capital Federal,"108,31","109,83","1,52","1,4"
2020,4,Catamarca,"49,41","48,1","-1,31","-2,65"
2020,4,Chaco,"43,03","42,37","-0,66","-1,53"
2020,4,Chubut,"68,35","69,71","1,36","1,99"
2020,4,Córdoba,"78,08","76,72","-1,36","-1,74"
2020,4,Corrientes,"42,43","42,58","0,15","0,35"
2020,4,Entre Ríos,"59,47","59,35","-0,12","-0,2"
2020,4,Formosa,"32,49","32,55","0,06","0,18"
2020,4,Jujuy,"53,46","55,12","1,66","3,11"
2020,4,La Pampa,"81,77","80,85","-0,92","-1,13"
2020,4,La Rioja,"50,11","51,12","1,01","2,02"
2020,4,Mendoza,"38,63","38,1","-0,53","-1,37"
2020,4,Misiones,"42,64","42,43","-0,21","-0,49"
2020,4,Neuquén,"67,0","66,54","-0,46","-0,69"
2020,4,Río Negro,"61,09","58,19","-2,9","-4,75"
2020,4,Salta,"54,04","53,37","-0,67","-1,24"
2020,4,San Juan,"36,32","39,57","3,25","8,95"
2020,4,San Luis,"81,68","81,56","-0,12","-0,15"
2020,4,Santa Cruz,"37,0","36,67","-0,33","-0,89"
2020,4,Santa Fe,"73,58","73,56","-0,02","-0,03"
2020,4,Santiago Del Estero,"43,75","44,25","0,5","1,14"
2020,4,Tierra Del Fuego,"76,27","78,35","2,08","2,73"
2020,4,Tucumán,"54,78","54,29","-0,49","-0,89"
2020,3,Buenos Aires,"67,66","66,52","-1,14","-1,68"
2020,3,Capital Federal,"107,68","108,54","0,86","0,8"
2020,3,Catamarca,"47,16","46,34","-0,82","-1,74"
2020,3,Chaco,"41,54","40,63","-0,91","-2,19"
2020,3,Chubut,"68,34","58,49","-9,85","-14,41"
2020,3,Córdoba,"75,22","74,16","-1,06","-1,41"
2020,3,Corrientes,"41,75","41,11","-0,64","-1,53"
2020,3,Entre Ríos,"58,19","57,67","-0,52","-0,89"
2020,3,Formosa,"31,91","31,76","-0,15","-0,47"
2020,3,Jujuy,"54,04","48,85","-5,19","-9,6"
2020,3,La Pampa,"79,26","77,62","-1,64","-2,07"
2020,3,La Rioja,"50,12","50,84","0,72","1,44"
2020,3,Mendoza,"37,35","36,98","-0,37","-0,99"
2020,3,Misiones,"41,6","41,71","0,11","0,26"
2020,3,Neuquén,"65,24","65,18","-0,06","-0,09"
2020,3,Río Negro,"57,05","57,5","0,45","0,79"
2020,3,Salta,"52,32","52,61","0,29","0,55"
2020,3,San Juan,"38,79","35,79","-3,0","-7,73"
2020,3,San Luis,"79,96","79,98","0,02","0,03"
2020,3,Santa Cruz,"35,95","36,51","0,56","1,56"
2020,3,Santa Fe,"72,12","71,4","-0,72","-1,0"
2020,3,Santiago Del Estero,"43,38","44,34","0,96","2,21"
2020,3,Tierra Del Fuego,"76,81","77,9","1,09","1,42"
2020,3,Tucumán,"53,23","52,82","-0,41","-0,77"
2020,2,Buenos Aires,"65,22","65,62","0,4","0,61"
2020,2,Capital Federal,"106,41","108,1","1,69","1,59"
2020,2,Catamarca,"45,43","38,37","-7,06","-15,54"
2020,2,Chaco,"39,83","38,23","-1,6","-4,02"
2020,2,Chubut,"57,34","52,3","-5,04","-8,79"
2020,2,Córdoba,"72,71","72,1","-0,61","-0,84"
2020,2,Corrientes,"40,3","39,5","-0,8","-1,99"
2020,2,Entre Ríos,"56,54","57,24","0,7","1,24"
2020,2,Formosa,"31,14","30,83","-0,31","-1,0"
2020,2,Jujuy,"47,89","47,6","-0,29","-0,61"
2020,2,La Pampa,"76,1","77,29","1,19","1,56"
2020,2,La Rioja,"49,84","47,28","-2,56","-5,14"
2020,2,Mendoza,"36,25","33,8","-2,45","-6,76"
2020,2,Misiones,"40,89","39,8","-1,09","-2,67"
2020,2,Neuquén,"63,9","63,09","-0,81","-1,27"
2020,2,Río Negro,"56,37","56,22","-0,15","-0,27"
2020,2,Salta,"51,58","50,59","-0,99","-1,92"
2020,2,San Juan,"35,09","33,04","-2,05","-5,84"
2020,2,San Luis,"78,41","77,84","-0,57","-0,73"
2020,2,Santa Cruz,"35,79","36,69","0,9","2,51"
2020,2,Santa Fe,"70,0","70,91","0,91","1,3"
2020,2,Santiago Del Estero,"43,47","43,32","-0,15","-0,35"
2020,2,Tierra Del Fuego,"76,37","77,59","1,22","1,6"
2020,2,Tucumán,"51,78","48,81","-2,97","-5,74"
2020,1,Buenos Aires,"64,33","65,54","1,21","1,88"
2020,1,Capital Federal,"105,98","108,38","2,4","2,26"
2020,1,Catamarca,"37,62","37,17","-0,45","-1,2"
2020,1,Chaco,"37,48","37,58","0,1","0,27"
2020,1,Chubut,"51,27","52,17","0,9","1,76"
2020,1,Córdoba,"70,69","71,89","1,2","1,7"
2020,1,Corrientes,"38,73","39,55","0,82","2,12"
2020,1,Entre Ríos,"56,12","59,15","3,03","5,4"
2020,1,Formosa,"30,23","31,08","0,85","2,81"
2020,1,Jujuy,"46,67","46,29","-0,38","-0,81"
2020,1,La Pampa,"75,77","78,46","2,69","3,55"
2020,1,La Rioja,"46,35","48,08","1,73","3,73"
2020,1,Mendoza,"33,14","34,32","1,18","3,56"
2020,1,Misiones,"39,02","40,59","1,57","4,02"
2020,1,Neuquén,"61,85","60,55","-1,3","-2,1"
2020,1,Río Negro,"55,12","56,82","1,7","3,08"
2020,1,Salta,"49,6","51,36","1,76","3,55"
2020,1,San Juan,"32,39","33,51","1,12","3,46"
2020,1,San Luis,"76,31","76,42","0,11","0,14"
2020,1,Santa Cruz,"35,97","37,44","1,47","4,09"
2020,1,Santa Fe,"69,52","70,87","1,35","1,94"
2020,1,Santiago Del Estero,"42,47","43,78","1,31","3,08"
2020,1,Tierra Del Fuego,"76,07","81,29","5,22","6,86"
2020,1,Tucumán,"47,85","48,6","0,75","1,57"
2019,4,Buenos Aires,"64,25","70,75","6,5","10,12"
2019,4,Capital Federal,"106,25","114,9","8,65","8,14"
2019,4,Catamarca,"36,44","31,5","-4,94","-13,56"
2019,4,Chaco,"36,84","36,57","-0,27","-0,73"
2019,4,Chubut,"51,15","48,52","-2,63","-5,14"
2019,4,Córdoba,"70,48","69,96","-0,52","-0,74"
2019,4,Corrientes,"38,77","39,26","0,49","1,26"
2019,4,Entre Ríos,"57,99","59,06","1,07","1,85"
2019,4,Formosa,"30,47","30,71","0,24","0,79"
2019,4,Jujuy,"45,38","45,21","-0,17","-0,37"
2019,4,La Pampa,"76,92","79,0","2,08","2,7"
2019,4,La Rioja,"47,14","48,9","1,76","3,73"
2019,4,Mendoza,"33,65","41,55","7,9","23,48"
2019,4,Misiones,"39,79","40,12","0,33","0,83"
2019,4,Neuquén,"59,36","65,42","6,06","10,21"
2019,4,Río Negro,"55,71","64,69","8,98","16,12"
2019,4,Salta,"50,35","45,37","-4,98","-9,89"
2019,4,San Juan,"32,85","37,8","4,95","15,07"
2019,4,San Luis,"74,92","86,93","12,01","16,03"
2019,4,Santa Cruz,"36,71","36,34","-0,37","-1,01"
2019,4,Santa Fe,"69,48","70,25","0,77","1,11"
2019,4,Santiago Del Estero,"42,92","56,41","13,49","31,43"
2019,4,Tierra Del Fuego,"79,7","98,39","18,69","23,45"
2019,4,Tucumán,"47,65","40,28","-7,37","-15,47"
2019,3,Buenos Aires,"69,36","69,21","-0,15","-0,22"
2019,3,Capital Federal,"112,65","112,76","0,11","0,1"
2019,3,Catamarca,"30,88","32,77","1,89","6,12"
2019,3,Chaco,"35,85","34,82","-1,03","-2,87"
2019,3,Chubut,"47,57","47,93","0,36","0,76"
2019,3,Córdoba,"68,59","69,43","0,84","1,22"
2019,3,Corrientes,"38,49","38,92","0,43","1,12"
2019,3,Entre Ríos,"57,9","58,63","0,73","1,26"
2019,3,Formosa,"30,11","31,03","0,92","3,06"
2019,3,Jujuy,"44,32","45,4","1,08","2,44"
2019,3,La Pampa,"77,45","78,62","1,17","1,51"
2019,3,La Rioja,"47,94","49,67","1,73","3,61"
2019,3,Mendoza,"40,74","41,56","0,82","2,01"
2019,3,Misiones,"39,33","39,93","0,6","1,53"
2019,3,Neuquén,"64,14","64,34","0,2","0,31"
2019,3,Río Negro,"63,42","62,31","-1,11","-1,75"
2019,3,Salta,"44,48","42,73","-1,75","-3,93"
2019,3,San Juan,"37,06","36,31","-0,75","-2,02"
2019,3,San Luis,"85,23","83,43","-1,8","-2,11"
2019,3,Santa Cruz,"35,63","29,43","-6,2","-17,4"
2019,3,Santa Fe,"68,87","68,77","-0,1","-0,15"
2019,3,Santiago Del Estero,"55,3","53,85","-1,45","-2,62"
2019,3,Tierra Del Fuego,"96,46","96,7","0,24","0,25"
2019,3,Tucumán,"39,49","40,94","1,45","3,67"
2019,2,Buenos Aires,"67,85","67,56","-0,29","-0,43"
2019,2,Capital Federal,"110,55","111,38","0,83","0,75"
2019,2,Catamarca,"32,13","32,83","0,7","2,18"
2019,2,Chaco,"34,14","33,29","-0,85","-2,49"
2019,2,Chubut,"46,99","43,86","-3,13","-6,66"
2019,2,Córdoba,"68,07","66,83","-1,24","-1,82"
2019,2,Corrientes,"38,16","35,83","-2,33","-6,11"
2019,2,Entre Ríos,"57,48","57,93","0,45","0,78"
2019,2,Formosa,"30,42","30,27","-0,15","-0,49"
2019,2,Jujuy,"44,51","47,34","2,83","6,36"
2019,2,La Pampa,"77,08","77,88","0,8","1,04"
2019,2,La Rioja,"48,7","51,18","2,48","5,09"
2019,2,Mendoza,"40,75","38,41","-2,34","-5,74"
2019,2,Misiones,"39,15","36,99","-2,16","-5,52"
2019,2,Neuquén,"63,08","60,06","-3,02","-4,79"
2019,2,Río Negro,"61,09","54,64","-6,45","-10,56"
2019,2,Salta,"41,89","40,9","-0,99","-2,36"
2019,2,San Juan,"35,6","32,47","-3,13","-8,79"
2019,2,San Luis,"81,79","68,69","-13,1","-16,02"
2019,2,Santa Cruz,"28,85","24,14","-4,71","-16,33"
2019,2,Santa Fe,"67,42","68,31","0,89","1,32"
2019,2,Santiago Del Estero,"52,79","38,27","-14,52","-27,51"
2019,2,Tierra Del Fuego,"94,8","95,25","0,45","0,47"
2019,2,Tucumán,"40,14","42,46","2,32","5,78"
2019,1,Buenos Aires,"66,24","65,89","-0,35","-0,53"
2019,1,Capital Federal,"109,2","110,44","1,24","1,14"
2019,1,Catamarca,"32,19","32,87","0,68","2,11"
2019,1,Chaco,"32,64","33,24","0,6","1,84"
2019,1,Chubut,"43,0","43,46","0,46","1,07"
2019,1,Córdoba,"65,52","66,39","0,87","1,33"
2019,1,Corrientes,"35,13","35,26","0,13","0,37"
2019,1,Entre Ríos,"56,79","55,46","-1,33","-2,34"
2019,1,Formosa,"29,68","30,33","0,65","2,19"
2019,1,Jujuy,"46,41","47,46","1,05","2,26"
2019,1,La Pampa,"76,35","74,96","-1,39","-1,82"
2019,1,La Rioja,"50,18","51,36","1,18","2,35"
2019,1,Mendoza,"37,66","38,52","0,86","2,28"
2019,1,Misiones,"36,26","35,14","-1,12","-3,09"
2019,1,Neuquén,"58,88","60,25","1,37","2,33"
2019,1,Río Negro,"53,57","52,9","-0,67","-1,25"
2019,1,Salta,"40,1","40,6","0,5","1,25"
2019,1,San Juan,"31,83","32,54","0,71","2,23"
2019,1,San Luis,"67,34","68,9","1,56","2,32"
2019,1,Santa Cruz,"23,67","24,16","0,49","2,07"
2019,1,Santa Fe,"66,97","66,9","-0,07","-0,1"
2019,1,Santiago Del Estero,"37,52","38,15","0,63","1,68"
2019,1,Tierra Del Fuego,"93,38","95,46","2,08","2,23"
2019,1,Tucumán,"41,63","42,6","0,97","2,33"
2018,4,Buenos Aires,"64,6","65,73","1,13","1,75"
2018,4,Capital Federal,"108,27","110,62","2,35","2,17"
2018,4,Catamarca,"32,23","33,58","1,35","4,19"
2018,4,Chaco,"32,59","32,93","0,34","1,04"
2018,4,Chubut,"42,61","57,52","14,91","34,99"
2018,4,Córdoba,"65,09","65,52","0,43","0,66"
2018,4,Corrientes,"34,57","34,94","0,37","1,07"
2018,4,Entre Ríos,"54,37","51,22","-3,15","-5,79"
2018,4,Formosa,"29,74","30,17","0,43","1,45"
2018,4,Jujuy,"46,53","23,73","-22,8","-49,0"
2018,4,La Pampa,"73,49","73,18","-0,31","-0,42"
2018,4,La Rioja,"50,35","51,74","1,39","2,76"
2018,4,Mendoza,"37,76","38,75","0,99","2,62"
2018,4,Misiones,"34,45","32,74","-1,71","-4,96"
2018,4,Neuquén,"59,07","61,7","2,63","4,45"
2018,4,Río Negro,"51,86","51,55","-0,31","-0,6"
2018,4,Salta,"39,8","40,22","0,42","1,06"
2018,4,San Juan,"31,9","33,71","1,81","5,67"
2018,4,San Luis,"67,55","53,4","-14,15","-20,95"
2018,4,Santa Cruz,"23,69","33,38","9,69","40,9"
2018,4,Santa Fe,"65,59","64,68","-0,91","-1,39"
2018,4,Santiago Del Estero,"37,4","36,98","-0,42","-1,12"
2018,4,Tierra Del Fuego,"93,59","94,63","1,04","1,11"
2018,4,Tucumán,"41,76","42,51","0,75","1,8"
2018,3,Buenos Aires,"64,44","64,04","-0,4","-0,62"
2018,3,Capital Federal,"108,45","108,66","0,21","0,19"
2018,3,Catamarca,"32,92","33,52","0,6","1,82"
2018,3,Chaco,"32,28","31,88","-0,4","-1,24"
2018,3,Chubut,"56,39","56,0","-0,39","-0,69"
2018,3,Córdoba,"64,24","64,54","0,3","0,47"
2018,3,Corrientes,"34,25","34,49","0,24","0,7"
2018,3,Entre Ríos,"50,22","50,18","-0,04","-0,08"
2018,3,Formosa,"29,58","30,02","0,44","1,49"
2018,3,Jujuy,"23,26","23,9","0,64","2,75"
2018,3,La Pampa,"71,75","72,46","0,71","0,99"
2018,3,La Rioja,"50,73","52,0","1,27","2,5"
2018,3,Mendoza,"37,99","37,71","-0,28","-0,74"
2018,3,Misiones,"32,1","32,26","0,16","0,5"
2018,3,Neuquén,"60,49","61,44","0,95","1,57"
2018,3,Río Negro,"50,54","51,15","0,61","1,21"
2018,3,Salta,"39,43","40,74","1,31","3,32"
2018,3,San Juan,"33,05","33,61","0,56","1,69"
2018,3,San Luis,"52,35","15,45","-36,9","-70,49"
2018,3,Santa Cruz,"32,73","34,0","1,27","3,88"
2018,3,Santa Fe,"63,41","63,82","0,41","0,65"
2018,3,Santiago Del Estero,"36,25","35,97","-0,28","-0,77"
2018,3,Tierra Del Fuego,"92,77","93,44","0,67","0,72"
2018,3,Tucumán,"41,68","42,34","0,66","1,58"
2018,2,Buenos Aires,"62,78","63,88","1,1","1,75"
2018,2,Capital Federal,"106,53","108,36","1,83","1,72"
2018,2,Catamarca,"32,86","33,45","0,59","1,8"
2018,2,Chaco,"31,25","31,45","0,2","0,64"
2018,2,Chubut,"54,9","54,79","-0,11","-0,2"
2018,2,Córdoba,"63,27","64,79","1,52","2,4"
2018,2,Corrientes,"33,81","33,31","-0,5","-1,48"
2018,2,Entre Ríos,"49,2","49,65","0,45","0,91"
2018,2,Formosa,"29,43","21,83","-7,6","-25,82"
2018,2,Jujuy,"23,43","23,58","0,15","0,64"
2018,2,La Pampa,"71,04","73,18","2,14","3,01"
2018,2,La Rioja,"50,98","52,47","1,49","2,92"
2018,2,Mendoza,"36,97","37,81","0,84","2,27"
2018,2,Misiones,"31,63","31,58","-0,05","-0,16"
2018,2,Neuquén,"60,24","62,75","2,51","4,17"
2018,2,Río Negro,"50,15","50,82","0,67","1,34"
2018,2,Salta,"39,94","40,58","0,64","1,6"
2018,2,San Juan,"32,95","33,26","0,31","0,94"
2018,2,San Luis,"15,15","15,45","0,3","1,98"
2018,2,Santa Cruz,"33,33","34,22","0,89","2,67"
2018,2,Santa Fe,"62,57","63,53","0,96","1,53"
2018,2,Santiago Del Estero,"35,26","35,69","0,43","1,22"
2018,2,Tierra Del Fuego,"91,61","66,5","-25,11","-27,41"
2018,2,Tucumán,"41,51","42,0","0,49","1,18"
2018,1,Buenos Aires,"62,63","58,76","-3,87","-6,18"
2018,1,Capital Federal,"106,24","125,36","19,12","18,0"
2018,1,Catamarca,"32,79","29,19","-3,6","-10,98"
2018,1,Chaco,"30,83","31,43","0,6","1,95"
2018,1,Chubut,"53,72","52,49","-1,23","-2,29"
2018,1,Córdoba,"63,52","64,6","1,08","1,7"
2018,1,Corrientes,"32,66","33,17","0,51","1,56"
2018,1,Entre Ríos,"48,68","48,85","0,17","0,35"
2018,1,Formosa,"21,4","21,7","0,3","1,4"
2018,1,Jujuy,"23,12","23,19","0,07","0,3"
2018,1,La Pampa,"71,75","72,47","0,72","1,0"
2018,1,La Rioja,"51,44","52,6","1,16","2,26"
2018,1,Mendoza,"37,07","34,0","-3,07","-8,28"
2018,1,Misiones,"30,96","31,76","0,8","2,58"
2018,1,Neuquén,"61,52","62,46","0,94","1,53"
2018,1,Río Negro,"49,82","50,37","0,55","1,1"
2018,1,Salta,"39,78","40,6","0,82","2,06"
2018,1,San Juan,"32,61","30,91","-1,7","-5,21"
2018,1,San Luis,"15,15","10,8","-4,35","-28,71"
2018,1,Santa Cruz,"33,55","29,49","-4,06","-12,1"
2018,1,Santa Fe,"62,28","62,94","0,66","1,06"
2018,1,Santiago Del Estero,"34,99","29,71","-5,28","-15,09"
2018,1,Tierra Del Fuego,"65,2","61,09","-4,11","-6,3"
2018,1,Tucumán,"41,18","40,7","-0,48","-1,17"
2017,4,Buenos Aires,"57,61","56,74","-0,87","-1,51"
2017,4,Capital Federal,"122,9","124,3","1,4","1,14"
2017,4,Catamarca,"28,62","33,14","4,52","15,79"
2017,4,Chaco,"30,81","30,58","-0,23","-0,75"
2017,4,Chubut,"51,46","47,14","-4,32","-8,39"
2017,4,Córdoba,"63,33","63,56","0,23","0,36"
2017,4,Corrientes,"32,52","32,81","0,29","0,89"
2017,4,Entre Ríos,"47,89","46,88","-1,01","-2,11"
2017,4,Formosa,"21,27","21,78","0,51","2,4"
2017,4,Jujuy,"22,74","23,1","0,36","1,58"
2017,4,La Pampa,"71,05","70,52","-0,53","-0,75"
2017,4,La Rioja,"51,57","52,5","0,93","1,8"
2017,4,Mendoza,"33,33","36,41","3,08","9,24"
2017,4,Misiones,"31,14","30,81","-0,33","-1,06"
2017,4,Neuquén,"61,24","62,05","0,81","1,32"
2017,4,Río Negro,"49,38","49,49","0,11","0,22"
2017,4,Salta,"39,8","40,64","0,84","2,11"
2017,4,San Juan,"30,3","33,02","2,72","8,98"
2017,4,San Luis,"10,59","15,79","5,2","49,1"
2017,4,Santa Cruz,"28,91","33,96","5,05","17,47"
2017,4,Santa Fe,"61,71","62,13","0,42","0,68"
2017,4,Santiago Del Estero,"29,13","35,82","6,69","22,97"
2017,4,Tierra Del Fuego,"59,89","67,05","7,16","11,96"
2017,4,Tucumán,"39,9","40,49","0,59","1,48"
2017,3,Buenos Aires,"55,63","57,4","1,77","3,18"
2017,3,Capital Federal,"121,86","126,54","4,68","3,84"
2017,3,Catamarca,"32,49","26,5","-5,99","-18,44"
2017,3,Chaco,"29,98","29,63","-0,35","-1,17"
2017,3,Chubut,"46,22","36,26","-9,96","-21,55"
2017,3,Córdoba,"62,31","60,15","-2,16","-3,47"
2017,3,Corrientes,"32,17","32,02","-0,15","-0,47"
2017,3,Entre Ríos,"45,96","46,3","0,34","0,74"
2017,3,Formosa,"21,35","20,37","-0,98","-4,59"
2017,3,Jujuy,"22,65","22,85","0,2","0,88"
2017,3,La Pampa,"69,14","64,76","-4,38","-6,33"
2017,3,La Rioja,"51,47","16,52","-34,95","-67,9"
2017,3,Mendoza,"35,7","32,4","-3,3","-9,24"
2017,3,Misiones,"30,21","30,69","0,48","1,59"
2017,3,Neuquén,"60,83","63,15","2,32","3,81"
2017,3,Río Negro,"48,52","46,94","-1,58","-3,26"
2017,3,Salta,"39,84","33,39","-6,45","-16,19"
2017,3,San Juan,"32,37","27,5","-4,87","-15,04"
2017,3,San Luis,"15,48","9,7","-5,78","-37,34"
2017,3,Santa Cruz,"33,29","26,78","-6,51","-19,56"
2017,3,Santa Fe,"60,91","53,32","-7,59","-12,46"
2017,3,Santiago Del Estero,"35,12","14,4","-20,72","-59,0"
2017,3,Tierra Del Fuego,"65,74","69,83","4,09","6,22"
2017,3,Tucumán,"39,7","38,95","-0,75","-1,89"
2017,2,Buenos Aires,"56,27","59,74","3,47","6,17"
2017,2,Capital Federal,"124,06","110,54","-13,52","-10,9"
2017,2,Catamarca,"25,98","26,17","0,19","0,73"
2017,2,Chaco,"29,05","29,19","0,14","0,48"
2017,2,Chubut,"35,55","36,37","0,82","2,31"
2017,2,Córdoba,"58,97","58,8","-0,17","-0,29"
2017,2,Corrientes,"31,39","31,56","0,17","0,54"
2017,2,Entre Ríos,"45,39","45,81","0,42","0,93"
2017,2,Formosa,"19,97","20,24","0,27","1,35"
2017,2,Jujuy,"22,4","23,22","0,82","3,66"
2017,2,La Pampa,"63,49","63,92","0,43","0,68"
2017,2,La Rioja,"16,2","16,52","0,32","1,98"
2017,2,Mendoza,"31,76","32,48","0,72","2,27"
2017,2,Misiones,"30,09","30,11","0,02","0,07"
2017,2,Neuquén,"61,91","62,24","0,33","0,53"
2017,2,Río Negro,"46,02","46,95","0,93","2,02"
2017,2,Salta,"32,74","33,23","0,49","1,5"
2017,2,San Juan,"26,96","27,58","0,62","2,3"
2017,2,San Luis,"9,51","9,74","0,23","2,42"
2017,2,Santa Cruz,"26,25","27,05","0,8","3,05"
2017,2,Santa Fe,"52,27","53,01","0,74","1,42"
2017,2,Santiago Del Estero,"14,12","14,99","0,87","6,16"
2017,2,Tierra Del Fuego,"68,46","70,3","1,84","2,69"
2017,2,Tucumán,"38,19","38,66","0,47","1,23"
2017,1,Buenos Aires,"58,57","62,46","3,89","6,64"
2017,1,Capital Federal,"108,37","123,04","14,67","13,54"
2017,1,Catamarca,"25,66","27,07","1,41","5,49"
2017,1,Chaco,"28,62","29,37","0,75","2,62"
2017,1,Chubut,"35,66","36,79","1,13","3,17"
2017,1,Córdoba,"57,65","58,85","1,2","2,08"
2017,1,Corrientes,"30,94","31,6","0,66","2,13"
2017,1,Entre Ríos,"44,91","46,11","1,2","2,67"
2017,1,Formosa,"19,84","20,25","0,41","2,07"
2017,1,Jujuy,"22,76","23,1","0,34","1,49"
2017,1,La Pampa,"62,67","64,28","1,61","2,57"
2017,1,La Rioja,"16,2","16,79","0,59","3,64"
2017,1,Mendoza,"31,84","32,75","0,91","2,86"
2017,1,Misiones,"29,52","30,31","0,79","2,68"
2017,1,Neuquén,"61,02","62,09","1,07","1,75"
2017,1,Río Negro,"46,03","47,32","1,29","2,8"
2017,1,Salta,"32,58","33,34","0,76","2,33"
2017,1,San Juan,"27,04","27,84","0,8","2,96"
2017,1,San Luis,"9,55","9,83","0,28","2,93"
2017,1,Santa Cruz,"26,52","27,59","1,07","4,03"
2017,1,Santa Fe,"51,97","53,23","1,26","2,42"
2017,1,Santiago Del Estero,"14,7","15,37","0,67","4,56"
2017,1,Tierra Del Fuego,"68,92","71,72","2,8","4,06"
2017,1,Tucumán,"37,9","38,74","0,84","2,22"
2016,4,Buenos Aires,"61,24","61,34","0,1","0,16"
2016,4,Capital Federal,"120,63","123,19","2,56","2,12"
2016,4,Catamarca,"26,54","27,01","0,47","1,77"
2016,4,Chaco,"28,79","29,49","0,7","2,43"
2016,4,Chubut,"36,07","36,9","0,83","2,3"
2016,4,Córdoba,"57,7","59,4","1,7","2,95"
2016,4,Corrientes,"30,98","31,69","0,71","2,29"
2016,4,Entre Ríos,"45,21","46,35","1,14","2,52"
2016,4,Formosa,"19,85","19,01","-0,84","-4,23"
2016,4,Jujuy,"22,65","23,06","0,41","1,81"
2016,4,La Pampa,"63,02","62,96","-0,06","-0,1"
2016,4,La Rioja,"16,46","17,41","0,95","5,77"
2016,4,Mendoza,"32,11","32,73","0,62","1,93"
2016,4,Misiones,"29,72","30,51","0,79","2,66"
2016,4,Neuquén,"60,87","61,41","0,54","0,89"
2016,4,Río Negro,"46,39","47,32","0,93","2,0"
2016,4,Salta,"32,69","33,62","0,93","2,84"
2016,4,San Juan,"27,29","27,87","0,58","2,13"
2016,4,San Luis,"9,64","9,82","0,18","1,87"
2016,4,Santa Cruz,"27,05","27,38","0,33","1,22"
2016,4,Santa Fe,"52,19","53,72","1,53","2,93"
2016,4,Santiago Del Estero,"15,07","15,64","0,57","3,78"
2016,4,Tierra Del Fuego,"70,31","70,32","0,01","0,01"
2016,4,Tucumán,"37,98","38,66","0,68","1,79"
2016,3,Buenos Aires,"60,14","60,53","0,39","0,65"
2016,3,Capital Federal,"120,77","122,44","1,67","1,38"
2016,3,Catamarca,"26,48","26,59","0,11","0,42"
2016,3,Chaco,"28,91","29,16","0,25","0,86"
2016,3,Chubut,"36,18","36,84","0,66","1,82"
2016,3,Córdoba,"58,24","58,7","0,46","0,79"
2016,3,Corrientes,"31,07","31,19","0,12","0,39"
2016,3,Entre Ríos,"45,44","45,63","0,19","0,42"
2016,3,Formosa,"18,64","19,76","1,12","6,01"
2016,3,Jujuy,"22,61","22,33","-0,28","-1,24"
2016,3,La Pampa,"61,73","61,65","-0,08","-0,13"
2016,3,La Rioja,"17,07","17,22","0,15","0,88"
2016,3,Mendoza,"32,09","32,77","0,68","2,12"
2016,3,Misiones,"29,91","29,82","-0,09","-0,3"
2016,3,Neuquén,"60,21","60,28","0,07","0,12"
2016,3,Río Negro,"46,39","47,16","0,77","1,66"
2016,3,Salta,"32,96","32,72","-0,24","-0,73"
2016,3,San Juan,"27,32","27,89","0,57","2,09"
2016,3,San Luis,"9,63","9,79","0,16","1,66"
2016,3,Santa Cruz,"26,84","27,26","0,42","1,56"
2016,3,Santa Fe,"52,67","53,49","0,82","1,56"
2016,3,Santiago Del Estero,"15,33","16,21","0,88","5,74"
2016,3,Tierra Del Fuego,"68,94","69,07","0,13","0,19"
2016,3,Tucumán,"37,9","37,98","0,08","0,21"
2016,2,Buenos Aires,"59,34","58,49","-0,85","-1,43"
2016,2,Capital Federal,"120,04","117,46","-2,58","-2,15"
2016,2,Catamarca,"26,07","26,43","0,36","1,38"
2016,2,Chaco,"28,59","28,64","0,05","0,17"
2016,2,Chubut,"36,12","36,81","0,69","1,91"
2016,2,Córdoba,"57,55","56,39","-1,16","-2,02"
2016,2,Corrientes,"30,58","30,68","0,1","0,33"
2016,2,Entre Ríos,"44,74","44,73","-0,01","-0,02"
2016,2,Formosa,"19,37","19,42","0,05","0,26"
2016,2,Jujuy,"21,89","21,84","-0,05","-0,23"
2016,2,La Pampa,"60,44","59,0","-1,44","-2,38"
2016,2,La Rioja,"16,88","17,17","0,29","1,72"
2016,2,Mendoza,"32,13","32,76","0,63","1,96"
2016,2,Misiones,"29,24","28,94","-0,3","-1,03"
2016,2,Neuquén,"59,1","56,86","-2,24","-3,79"
2016,2,Río Negro,"46,24","46,76","0,52","1,12"
2016,2,Salta,"32,08","31,95","-0,13","-0,41"
2016,2,San Juan,"27,34","27,88","0,54","1,98"
2016,2,San Luis,"9,6","9,78","0,18","1,88"
2016,2,Santa Cruz,"26,73","27,41","0,68","2,54"
2016,2,Santa Fe,"52,44","52,31","-0,13","-0,25"
2016,2,Santiago Del Estero,"15,89","16,53","0,64","4,03"
2016,2,Tierra Del Fuego,"67,72","67,15","-0,57","-0,84"
2016,2,Tucumán,"37,24","37,45","0,21","0,56"
2016,1,Buenos Aires,"57,34","59,46","2,12","3,7"
2016,1,Capital Federal,"115,16","120,49","5,33","4,63"
2016,1,Catamarca,"25,91","26,76","0,85","3,28"
2016,1,Chaco,"28,08","28,92","0,84","2,99"
2016,1,Chubut,"36,09","37,63","1,54","4,27"
2016,1,Córdoba,"55,28","58,51","3,23","5,84"
2016,1,Corrientes,"30,08","30,95","0,87","2,89"
2016,1,Entre Ríos,"43,85","44,99","1,14","2,6"
2016,1,Formosa,"19,04","19,45","0,41","2,15"
2016,1,Jujuy,"21,41","21,9","0,49","2,29"
2016,1,La Pampa,"57,84","59,94","2,1","3,63"
2016,1,La Rioja,"16,83","17,67","0,84","4,99"
2016,1,Mendoza,"32,12","33,14","1,02","3,18"
2016,1,Misiones,"28,37","29,26","0,89","3,14"
2016,1,Neuquén,"55,75","59,46","3,71","6,65"
2016,1,Río Negro,"45,84","47,37","1,53","3,34"
2016,1,Salta,"31,32","32,22","0,9","2,87"
2016,1,San Juan,"27,33","28,21","0,88","3,22"
2016,1,San Luis,"9,59","9,9","0,31","3,23"
2016,1,Santa Cruz,"26,87","28,29","1,42","5,28"
2016,1,Santa Fe,"51,28","53,66","2,38","4,64"
2016,1,Santiago Del Estero,"16,21","17,34","1,13","6,97"
2016,1,Tierra Del Fuego,"65,83","67,79","1,96","2,98"
2016,1,Tucumán,"36,72","37,8","1,08","2,94"
2015,4,Buenos Aires,"58,29","58,84","0,55","0,94"
2015,4,Capital Federal,"118,13","120,66","2,53","2,14"
2015,4,Catamarca,"26,24","26,38","0,14","0,53"
2015,4,Chaco,"28,35","28,52","0,17","0,6"
2015,4,Chubut,"36,89","37,55","0,66","1,79"
2015,4,Córdoba,"57,36","58,22","0,86","1,5"
2015,4,Corrientes,"30,34","30,77","0,43","1,42"
2015,4,Entre Ríos,"44,11","44,55","0,44","1,0"
2015,4,Formosa,"19,07","19,22","0,15","0,79"
2015,4,Jujuy,"21,47","21,7","0,23","1,07"
2015,4,La Pampa,"58,76","59,12","0,36","0,61"
2015,4,La Rioja,"17,32","17,49","0,17","0,98"
2015,4,Mendoza,"32,49","33,14","0,65","2,0"
2015,4,Misiones,"28,69","28,88","0,19","0,66"
2015,4,Neuquén,"58,29","55,69","-2,6","-4,46"
2015,4,Río Negro,"46,44","47,32","0,88","1,89"
2015,4,Salta,"31,59","31,8","0,21","0,66"
2015,4,San Juan,"27,66","28,22","0,56","2,02"
2015,4,San Luis,"9,71","9,9","0,19","1,96"
2015,4,Santa Cruz,"27,74","28,16","0,42","1,51"
2015,4,Santa Fe,"52,61","53,19","0,58","1,1"
2015,4,Santiago Del Estero,"17,0","17,46","0,46","2,71"
2015,4,Tierra Del Fuego,"66,46","76,36","9,9","14,9"
2015,4,Tucumán,"37,06","37,34","0,28","0,76"
2015,3,Buenos Aires,"57,69","57,94","0,25","0,43"
2015,3,Capital Federal,"118,29","118,39","0,1","0,08"
2015,3,Catamarca,"25,86","25,96","0,1","0,39"
2015,3,Chaco,"27,96","28,01","0,05","0,18"
2015,3,Chubut,"36,81","37,31","0,5","1,36"
2015,3,Córdoba,"57,08","56,99","-0,09","-0,16"
2015,3,Corrientes,"30,17","30,17","0,0","0,0"
2015,3,Entre Ríos,"43,68","43,79","0,11","0,25"
2015,3,Formosa,"18,84","18,73","-0,11","-0,58"
2015,3,Jujuy,"21,27","20,7","-0,57","-2,68"
2015,3,La Pampa,"57,96","57,84","-0,12","-0,21"
2015,3,La Rioja,"17,15","17,22","0,07","0,41"
2015,3,Mendoza,"32,49","33,14","0,65","2,0"
2015,3,Misiones,"28,31","27,9","-0,41","-1,45"
2015,3,Neuquén,"54,6","54,18","-0,42","-0,77"
2015,3,Río Negro,"46,39","46,9","0,51","1,1"
2015,3,Salta,"31,18","31,07","-0,11","-0,35"
2015,3,San Juan,"27,67","28,19","0,52","1,88"
2015,3,San Luis,"9,71","9,9","0,19","1,96"
2015,3,Santa Cruz,"27,61","27,61","0,0","0,0"
2015,3,Santa Fe,"52,15","52,2","0,05","0,1"
2015,3,Santiago Del Estero,"17,12","17,45","0,33","1,93"
2015,3,Tierra Del Fuego,"74,86","76,0","1,14","1,52"
2015,3,Tucumán,"36,61","36,4","-0,21","-0,57"
2015,2,Buenos Aires,"56,8","57,5","0,7","1,23"
2015,2,Capital Federal,"116,07","117,2","1,13","0,97"
2015,2,Catamarca,"25,45","25,61","0,16","0,63"
2015,2,Chaco,"27,46","27,18","-0,28","-1,02"
2015,2,Chubut,"36,58","38,36","1,78","4,87"
2015,2,Córdoba,"55,87","55,79","-0,08","-0,14"
2015,2,Corrientes,"29,58","29,53","-0,05","-0,17"
2015,2,Entre Ríos,"42,93","42,91","-0,02","-0,05"
2015,2,Formosa,"18,36","18,48","0,12","0,65"
2015,2,Jujuy,"20,29","20,08","-0,21","-1,03"
2015,2,La Pampa,"56,71","56,62","-0,09","-0,16"
2015,2,La Rioja,"16,88","17,03","0,15","0,89"
2015,2,Mendoza,"32,49","33,02","0,53","1,63"
2015,2,Misiones,"27,35","26,84","-0,51","-1,86"
2015,2,Neuquén,"53,12","52,99","-0,13","-0,24"
2015,2,Río Negro,"45,98","46,24","0,26","0,57"
2015,2,Salta,"30,46","30,61","0,15","0,49"
2015,2,San Juan,"27,64","28,1","0,46","1,66"
2015,2,San Luis,"9,71","9,91","0,2","2,06"
2015,2,Santa Cruz,"27,07","28,55","1,48","5,47"
2015,2,Santa Fe,"51,18","51,24","0,06","0,12"
2015,2,Santiago Del Estero,"17,11","17,4","0,29","1,69"
2015,2,Tierra Del Fuego,"74,51","75,71","1,2","1,61"
2015,2,Tucumán,"35,69","35,78","0,09","0,25"
2015,1,Buenos Aires,"56,37","57,21","0,84","1,49"
2015,1,Capital Federal,"114,9","117,2","2,3","2,0"
2015,1,Catamarca,"25,11","26,02","0,91","3,62"
2015,1,Chaco,"26,65","22,31","-4,34","-16,29"
2015,1,Chubut,"37,61","41,06","3,45","9,17"
2015,1,Córdoba,"54,7","55,79","1,09","1,99"
2015,1,Corrientes,"28,95","24,03","-4,92","-16,99"
2015,1,Entre Ríos,"42,07","36,75","-5,32","-12,65"
2015,1,Formosa,"18,12","18,32","0,2","1,1"
2015,1,Jujuy,"19,69","19,99","0,3","1,52"
2015,1,La Pampa,"55,51","52,3","-3,21","-5,78"
2015,1,La Rioja,"16,7","17,35","0,65","3,89"
2015,1,Mendoza,"32,37","33,29","0,92","2,84"
2015,1,Misiones,"26,31","24,64","-1,67","-6,35"
2015,1,Neuquén,"51,95","53,6","1,65","3,18"
2015,1,Río Negro,"45,33","46,39","1,06","2,34"
2015,1,Salta,"30,01","30,12","0,11","0,37"
2015,1,San Juan,"27,55","28,6","1,05","3,81"
2015,1,San Luis,"9,72","9,99","0,27","2,78"
2015,1,Santa Cruz,"27,99","28,36","0,37","1,32"
2015,1,Santa Fe,"50,24","51,0","0,76","1,51"
2015,1,Santiago Del Estero,"17,06","17,62","0,56","3,28"
2015,1,Tierra Del Fuego,"74,23","67,46","-6,77","-9,12"
2015,1,Tucumán,"35,08","36,03","0,95","2,71"
2014,4,Buenos Aires,"56,09","57,88","1,79","3,19"
2014,4,Capital Federal,"114,9","116,08","1,18","1,03"
2014,4,Catamarca,"25,51","25,2","-0,31","-1,22"
2014,4,Chaco,"21,87","21,53","-0,34","-1,55"
2014,4,Chubut,"40,25","41,41","1,16","2,88"
2014,4,Córdoba,"54,7","55,31","0,61","1,12"
2014,4,Corrientes,"23,56","23,25","-0,31","-1,32"
2014,4,Entre Ríos,"36,03","35,68","-0,35","-0,97"
2014,4,Formosa,"17,96","18,13","0,17","0,95"
2014,4,Jujuy,"19,6","18,74","-0,86","-4,39"
2014,4,La Pampa,"51,27","56,9","5,63","10,98"
2014,4,La Rioja,"17,01","16,84","-0,17","-1,0"
2014,4,Mendoza,"32,64","32,96","0,32","0,98"
2014,4,Misiones,"24,16","24,04","-0,12","-0,5"
2014,4,Neuquén,"52,55","57,53","4,98","9,48"
2014,4,Río Negro,"45,48","47,12","1,64","3,61"
2014,4,Salta,"29,53","29,8","0,27","0,91"
2014,4,San Juan,"28,04","28,41","0,37","1,32"
2014,4,San Luis,"9,79","9,9","0,11","1,12"
2014,4,Santa Cruz,"27,8","28,79","0,99","3,56"
2014,4,Santa Fe,"50,0","50,18","0,18","0,36"
2014,4,Santiago Del Estero,"17,27","16,82","-0,45","-2,61"
2014,4,Tierra Del Fuego,"66,14","67,0","0,86","1,3"
2014,4,Tucumán,"35,32","34,62","-0,7","-1,98"
2014,3,Buenos Aires,"56,75","56,16","-0,59","-1,04"
2014,3,Capital Federal,"113,8","115,4","1,6","1,41"
2014,3,Catamarca,"24,71","25,19","0,48","1,94"
2014,3,Chaco,"21,11","21,38","0,27","1,28"
2014,3,Chubut,"40,6","42,24","1,64","4,04"
2014,3,Córdoba,"54,23","54,52","0,29","0,53"
2014,3,Corrientes,"22,79","23,03","0,24","1,05"
2014,3,Entre Ríos,"34,98","35,38","0,4","1,14"
2014,3,Formosa,"17,77","17,89","0,12","0,68"
2014,3,Jujuy,"18,37","19,08","0,71","3,86"
2014,3,La Pampa,"55,78","50,7","-5,08","-9,11"
2014,3,La Rioja,"16,51","16,83","0,32","1,94"
2014,3,Mendoza,"32,31","32,74","0,43","1,33"
2014,3,Misiones,"23,57","23,84","0,27","1,15"
2014,3,Neuquén,"56,4","51,86","-4,54","-8,05"
2014,3,Río Negro,"46,2","46,24","0,04","0,09"
2014,3,Salta,"29,22","29,49","0,27","0,92"
2014,3,San Juan,"27,85","28,34","0,49","1,76"
2014,3,San Luis,"9,71","9,91","0,2","2,06"
2014,3,Santa Cruz,"28,23","29,97","1,74","6,16"
2014,3,Santa Fe,"49,2","49,36","0,16","0,33"
2014,3,Santiago Del Estero,"16,49","17,03","0,54","3,27"
2014,3,Tierra Del Fuego,"65,69","65,65","-0,04","-0,06"
2014,3,Tucumán,"33,94","34,62","0,68","2,0"
2014,2,Buenos Aires,"55,06","55,66","0,6","1,09"
2014,2,Capital Federal,"113,14","114,5","1,36","1,2"
2014,2,Catamarca,"24,7","24,74","0,04","0,16"
2014,2,Chaco,"20,96","21,13","0,17","0,81"
2014,2,Chubut,"41,41","42,06","0,65","1,57"
2014,2,Córdoba,"53,45","53,57","0,12","0,22"
2014,2,Corrientes,"22,58","22,77","0,19","0,84"
2014,2,Entre Ríos,"34,69","35,06","0,37","1,07"
2014,2,Formosa,"17,54","17,77","0,23","1,31"
2014,2,Jujuy,"18,71","18,79","0,08","0,43"
2014,2,La Pampa,"49,71","49,4","-0,31","-0,62"
2014,2,La Rioja,"16,5","16,62","0,12","0,73"
2014,2,Mendoza,"32,1","32,55","0,45","1,4"
2014,2,Misiones,"23,37","23,6","0,23","0,98"
2014,2,Neuquén,"50,84","50,79","-0,05","-0,1"
2014,2,Río Negro,"45,33","45,81","0,48","1,06"
2014,2,Salta,"28,91","29,27","0,36","1,25"
2014,2,San Juan,"27,78","28,15","0,37","1,33"
2014,2,San Luis,"9,72","9,54","-0,18","-1,85"
2014,2,Santa Cruz,"29,38","29,52","0,14","0,48"
2014,2,Santa Fe,"48,39","48,81","0,42","0,87"
2014,2,Santiago Del Estero,"16,7","16,64","-0,06","-0,36"
2014,2,Tierra Del Fuego,"64,36","65,25","0,89","1,38"
2014,2,Tucumán,"33,94","34,09","0,15","0,44"
2014,1,Buenos Aires,"54,57","54,57","0,0","0,0"
2014,1,Capital Federal,"112,25","112,25","0,0","0,0"
2014,1,Catamarca,"24,25","24,25","0,0","0,0"
2014,1,Chaco,"20,72","20,72","0,0","0,0"
2014,1,Chubut,"41,24","41,24","0,0","0,0"
2014,1,Córdoba,"52,52","52,52","0,0","0,0"
2014,1,Corrientes,"22,32","22,32","0,0","0,0"
2014,1,Entre Ríos,"34,37","34,37","0,0","0,0"
2014,1,Formosa,"17,42","17,42","0,0","0,0"
2014,1,Jujuy,"18,42","18,42","0,0","0,0"
2014,1,La Pampa,"48,43","48,43","0,0","0,0"
2014,1,La Rioja,"16,29","16,29","0,0","0,0"
2014,1,Mendoza,"31,91","31,91","0,0","0,0"
2014,1,Misiones,"23,14","23,14","0,0","0,0"
2014,1,Neuquén,"49,79","49,79","0,0","0,0"
2014,1,Río Negro,"44,91","44,91","0,0","0,0"
2014,1,Salta,"28,7","28,7","0,0","0,0"
2014,1,San Juan,"27,6","27,6","0,0","0,0"
2014,1,San Luis,"9,35","9,35","0,0","0,0"
2014,1,Santa Cruz,"28,94","28,94","0,0","0,0"
2014,1,Santa Fe,"47,85","47,85","0,0","0,0"
2014,1,Santiago Del Estero,"16,31","16,31","0,0","0,0"
2014,1,Tierra Del Fuego,"63,97","63,97","0,0","0,0"
2014,1,Tucumán,"33,42","33,42","0,0","0,0"
